‚”,ŽíX,ŽíY
0,0.4,0.4
0.01,0.396861,0.396054
0.02,0.393841,0.392213
0.03,0.390935,0.388474
0.04,0.388137,0.384832
0.05,0.385443,0.381283
0.06,0.382849,0.377823
0.07,0.38035,0.374448
0.08,0.377942,0.371156
0.09,0.375622,0.367943
0.1,0.373385,0.364805
0.11,0.371229,0.361741
0.12,0.369151,0.358747
0.13,0.367146,0.355821
0.14,0.365213,0.352959
0.15,0.363348,0.350161
0.16,0.36155,0.347423
0.17,0.359815,0.344743
0.18,0.358141,0.34212
0.19,0.356526,0.339551
0.2,0.354968,0.337035
0.21,0.353465,0.334569
0.22,0.352015,0.332152
0.23,0.350616,0.329782
0.24,0.349267,0.327459
0.25,0.347965,0.325179
0.26,0.346709,0.322943
0.27,0.345498,0.320748
0.28,0.344329,0.318593
0.29,0.343203,0.316477
0.3,0.342117,0.314398
0.31,0.34107,0.312356
0.32,0.34006,0.31035
0.33,0.339088,0.308378
0.34,0.338151,0.306439
0.35,0.337248,0.304532
0.36,0.336379,0.302657
0.37,0.335542,0.300812
0.38,0.334737,0.298997
0.39,0.333962,0.297211
0.4,0.333217,0.295452
0.41,0.3325,0.29372
0.42,0.331812,0.292015
0.43,0.331151,0.290336
0.44,0.330516,0.288681
0.45,0.329907,0.287051
0.46,0.329323,0.285444
0.47,0.328763,0.28386
0.48,0.328226,0.282298
0.49,0.327713,0.280758
0.5,0.327222,0.279239
0.51,0.326753,0.277741
0.52,0.326306,0.276263
0.53,0.325878,0.274804
0.54,0.325471,0.273365
0.55,0.325084,0.271944
0.56,0.324716,0.270541
0.57,0.324366,0.269156
0.58,0.324035,0.267788
0.59,0.323721,0.266436
0.6,0.323425,0.265101
0.61,0.323145,0.263783
0.62,0.322882,0.262479
0.63,0.322635,0.261191
0.64,0.322403,0.259918
0.65,0.322187,0.258659
0.66,0.321986,0.257414
0.67,0.321799,0.256183
0.68,0.321627,0.254966
0.69,0.321468,0.253762
0.7,0.321323,0.252571
0.71,0.321192,0.251392
0.72,0.321073,0.250226
0.73,0.320967,0.249071
0.74,0.320873,0.247929
0.75,0.320792,0.246798
0.76,0.320722,0.245678
0.77,0.320664,0.244569
0.78,0.320617,0.243471
0.79,0.320581,0.242384
0.8,0.320556,0.241307
0.81,0.320541,0.240239
0.82,0.320537,0.239182
0.83,0.320543,0.238135
0.84,0.320559,0.237096
0.85,0.320585,0.236068
0.86,0.320619,0.235048
0.87,0.320664,0.234037
0.88,0.320717,0.233035
0.89,0.320779,0.232041
0.9,0.32085,0.231055
0.91,0.320929,0.230078
0.92,0.321017,0.229109
0.93,0.321113,0.228148
0.94,0.321217,0.227194
0.95,0.321328,0.226248
0.96,0.321448,0.22531
0.97,0.321574,0.224378
0.98,0.321708,0.223454
0.99,0.32185,0.222537
1,0.321998,0.221626
1.01,0.322153,0.220723
1.02,0.322315,0.219825
1.03,0.322483,0.218935
1.04,0.322658,0.218051
1.05,0.32284,0.217173
1.06,0.323027,0.216301
1.07,0.323221,0.215435
1.08,0.32342,0.214575
1.09,0.323625,0.213721
1.1,0.323836,0.212872
1.11,0.324053,0.212029
1.12,0.324275,0.211192
1.13,0.324503,0.21036
1.14,0.324735,0.209533
1.15,0.324973,0.208712
1.16,0.325216,0.207895
1.17,0.325464,0.207084
1.18,0.325716,0.206278
1.19,0.325974,0.205476
1.2,0.326236,0.20468
1.21,0.326502,0.203888
1.22,0.326773,0.2031
1.23,0.327049,0.202317
1.24,0.327328,0.201539
1.25,0.327612,0.200765
1.26,0.3279,0.199996
1.27,0.328192,0.19923
1.28,0.328488,0.198469
1.29,0.328787,0.197713
1.3,0.329091,0.19696
1.31,0.329398,0.196211
1.32,0.329708,0.195466
1.33,0.330022,0.194725
1.34,0.33034,0.193988
1.35,0.330661,0.193255
1.36,0.330985,0.192525
1.37,0.331313,0.191799
1.38,0.331644,0.191077
1.39,0.331978,0.190358
1.4,0.332314,0.189643
1.41,0.332654,0.188931
1.42,0.332997,0.188223
1.43,0.333342,0.187518
1.44,0.333691,0.186816
1.45,0.334042,0.186117
1.46,0.334395,0.185422
1.47,0.334752,0.18473
1.48,0.33511,0.184042
1.49,0.335472,0.183356
1.5,0.335835,0.182673
1.51,0.336201,0.181994
1.52,0.33657,0.181317
1.53,0.33694,0.180643
1.54,0.337313,0.179973
1.55,0.337688,0.179305
1.56,0.338065,0.17864
1.57,0.338444,0.177977
1.58,0.338825,0.177318
1.59,0.339208,0.176661
1.6,0.339593,0.176007
1.61,0.339979,0.175356
1.62,0.340368,0.174707
1.63,0.340758,0.174061
1.64,0.34115,0.173418
1.65,0.341544,0.172777
1.66,0.341939,0.172139
1.67,0.342336,0.171503
1.68,0.342734,0.170869
1.69,0.343134,0.170239
1.7,0.343535,0.16961
1.71,0.343938,0.168984
1.72,0.344342,0.16836
1.73,0.344748,0.167739
1.74,0.345154,0.16712
1.75,0.345562,0.166503
1.76,0.345971,0.165889
1.77,0.346382,0.165277
1.78,0.346793,0.164667
1.79,0.347206,0.164059
1.8,0.34762,0.163454
1.81,0.348034,0.16285
1.82,0.34845,0.162249
1.83,0.348867,0.16165
1.84,0.349285,0.161053
1.85,0.349703,0.160458
1.86,0.350122,0.159866
1.87,0.350543,0.159275
1.88,0.350964,0.158686
1.89,0.351386,0.1581
1.9,0.351808,0.157515
1.91,0.352232,0.156933
1.92,0.352655,0.156352
1.93,0.35308,0.155774
1.94,0.353505,0.155197
1.95,0.353931,0.154622
1.96,0.354358,0.15405
1.97,0.354785,0.153479
1.98,0.355212,0.15291
1.99,0.35564,0.152343
2,0.356069,0.151778
2.01,0.356498,0.151214
2.02,0.356927,0.150653
2.03,0.357357,0.150093
2.04,0.357787,0.149535
2.05,0.358217,0.148979
2.06,0.358648,0.148425
2.07,0.359079,0.147873
2.08,0.35951,0.147322
2.09,0.359941,0.146773
2.1,0.360373,0.146226
2.11,0.360805,0.14568
2.12,0.361237,0.145137
2.13,0.361669,0.144595
2.14,0.362102,0.144055
2.15,0.362534,0.143516
2.16,0.362967,0.142979
2.17,0.3634,0.142444
2.18,0.363832,0.141911
2.19,0.364265,0.141379
2.2,0.364698,0.140849
2.21,0.365131,0.14032
2.22,0.365563,0.139793
2.23,0.365996,0.139268
2.24,0.366429,0.138745
2.25,0.366861,0.138223
2.26,0.367294,0.137702
2.27,0.367726,0.137184
2.28,0.368158,0.136667
2.29,0.36859,0.136151
2.3,0.369022,0.135637
2.31,0.369454,0.135125
2.32,0.369885,0.134614
2.33,0.370316,0.134105
2.34,0.370747,0.133597
2.35,0.371178,0.133091
2.36,0.371609,0.132586
2.37,0.372039,0.132083
2.38,0.372469,0.131581
2.39,0.372898,0.131081
2.4,0.373328,0.130583
2.41,0.373757,0.130086
2.42,0.374185,0.129591
2.43,0.374613,0.129097
2.44,0.375041,0.128604
2.45,0.375469,0.128113
2.46,0.375896,0.127624
2.47,0.376322,0.127136
2.48,0.376748,0.126649
2.49,0.377174,0.126164
2.5,0.377599,0.125681
2.51,0.378024,0.125199
2.52,0.378448,0.124718
2.53,0.378872,0.124239
2.54,0.379296,0.123761
2.55,0.379718,0.123285
2.56,0.380141,0.12281
2.57,0.380562,0.122337
2.58,0.380983,0.121865
2.59,0.381404,0.121394
2.6,0.381824,0.120925
2.61,0.382244,0.120457
2.62,0.382662,0.119991
2.63,0.383081,0.119526
2.64,0.383498,0.119063
2.65,0.383915,0.118601
2.66,0.384332,0.11814
2.67,0.384747,0.117681
2.68,0.385162,0.117223
2.69,0.385577,0.116767
2.7,0.385991,0.116312
2.71,0.386404,0.115858
2.72,0.386816,0.115406
2.73,0.387228,0.114955
2.74,0.387639,0.114506
2.75,0.388049,0.114058
2.76,0.388459,0.113611
2.77,0.388867,0.113166
2.78,0.389275,0.112722
2.79,0.389683,0.112279
2.8,0.390089,0.111838
2.81,0.390495,0.111398
2.82,0.3909,0.110959
2.83,0.391304,0.110522
2.84,0.391708,0.110086
2.85,0.392111,0.109652
2.86,0.392513,0.109218
2.87,0.392914,0.108787
2.88,0.393314,0.108356
2.89,0.393714,0.107927
2.9,0.394112,0.107499
2.91,0.39451,0.107073
2.92,0.394907,0.106648
2.93,0.395303,0.106224
2.94,0.395699,0.105801
2.95,0.396093,0.10538
2.96,0.396487,0.10496
2.97,0.39688,0.104542
2.98,0.397271,0.104125
2.99,0.397663,0.103709
3,0.398053,0.103294
3.01,0.398442,0.102881
3.02,0.39883,0.102469
3.03,0.399218,0.102058
3.04,0.399604,0.101649
3.05,0.39999,0.101241
3.06,0.400375,0.100834
3.07,0.400759,0.100428
3.08,0.401142,0.100024
3.09,0.401524,0.099621
3.1,0.401905,0.099219
3.11,0.402285,0.098819
3.12,0.402665,0.09842
3.13,0.403043,0.098022
3.14,0.40342,0.097626
3.15,0.403797,0.09723
3.16,0.404173,0.096836
3.17,0.404547,0.096444
3.18,0.404921,0.096052
3.19,0.405293,0.095662
3.2,0.405665,0.095273
3.21,0.406036,0.094885
3.22,0.406406,0.094499
3.23,0.406775,0.094114
3.24,0.407143,0.09373
3.25,0.40751,0.093347
3.26,0.407875,0.092966
3.27,0.40824,0.092586
3.28,0.408604,0.092207
3.29,0.408967,0.091829
3.3,0.409329,0.091453
3.31,0.409691,0.091078
3.32,0.410051,0.090704
3.33,0.41041,0.090331
3.34,0.410768,0.08996
3.35,0.411125,0.08959
3.36,0.411481,0.089221
3.37,0.411836,0.088853
3.38,0.41219,0.088486
3.39,0.412543,0.088121
3.4,0.412895,0.087757
3.41,0.413246,0.087394
3.42,0.413596,0.087032
3.43,0.413945,0.086672
3.44,0.414294,0.086313
3.45,0.414641,0.085954
3.46,0.414987,0.085598
3.47,0.415332,0.085242
3.48,0.415676,0.084888
3.49,0.416019,0.084534
3.5,0.416361,0.084182
3.51,0.416702,0.083832
3.52,0.417041,0.083482
3.53,0.41738,0.083133
3.54,0.417718,0.082786
3.55,0.418055,0.08244
3.56,0.418391,0.082095
3.57,0.418726,0.081752
3.58,0.41906,0.081409
3.59,0.419392,0.081068
3.6,0.419724,0.080728
3.61,0.420055,0.080389
3.62,0.420385,0.080051
3.63,0.420713,0.079714
3.64,0.421041,0.079379
3.65,0.421368,0.079044
3.66,0.421693,0.078711
3.67,0.422018,0.078379
3.68,0.422341,0.078048
3.69,0.422664,0.077719
3.7,0.422985,0.07739
3.71,0.423306,0.077063
3.72,0.423625,0.076737
3.73,0.423944,0.076412
3.74,0.424261,0.076088
3.75,0.424578,0.075765
3.76,0.424893,0.075443
3.77,0.425207,0.075123
3.78,0.425521,0.074803
3.79,0.425833,0.074485
3.8,0.426144,0.074168
3.81,0.426454,0.073852
3.82,0.426764,0.073537
3.83,0.427072,0.073224
3.84,0.427379,0.072911
3.85,0.427685,0.0726
3.86,0.42799,0.072289
3.87,0.428294,0.07198
3.88,0.428597,0.071672
3.89,0.428899,0.071365
3.9,0.429201,0.071059
3.91,0.429501,0.070754
3.92,0.4298,0.07045
3.93,0.430098,0.070148
3.94,0.430395,0.069846
3.95,0.430691,0.069546
3.96,0.430985,0.069247
3.97,0.431279,0.068948
3.98,0.431572,0.068651
3.99,0.431864,0.068355
4,0.432155,0.06806
4.01,0.432445,0.067766
4.02,0.432734,0.067473
4.03,0.433022,0.067182
4.04,0.433309,0.066891
4.05,0.433595,0.066601
4.06,0.43388,0.066313
4.07,0.434163,0.066026
4.08,0.434446,0.065739
4.09,0.434728,0.065454
4.1,0.435009,0.06517
4.11,0.435289,0.064886
4.12,0.435568,0.064604
4.13,0.435846,0.064323
4.14,0.436123,0.064043
4.15,0.436399,0.063764
4.16,0.436674,0.063486
4.17,0.436947,0.063209
4.18,0.43722,0.062933
4.19,0.437492,0.062658
4.2,0.437763,0.062385
4.21,0.438033,0.062112
4.22,0.438302,0.06184
4.23,0.438571,0.061569
4.24,0.438838,0.0613
4.25,0.439104,0.061031
4.26,0.439369,0.060763
4.27,0.439633,0.060497
4.28,0.439896,0.060231
4.29,0.440158,0.059967
4.3,0.44042,0.059703
4.31,0.44068,0.05944
4.32,0.440939,0.059179
4.33,0.441198,0.058918
4.34,0.441455,0.058659
4.35,0.441712,0.0584
4.36,0.441967,0.058142
4.37,0.442222,0.057886
4.38,0.442475,0.05763
4.39,0.442728,0.057376
4.4,0.44298,0.057122
4.41,0.443231,0.056869
4.42,0.44348,0.056618
4.43,0.443729,0.056367
4.44,0.443977,0.056117
4.45,0.444224,0.055868
4.46,0.44447,0.055621
4.47,0.444715,0.055374
4.48,0.44496,0.055128
4.49,0.445203,0.054883
4.5,0.445445,0.054639
4.51,0.445687,0.054396
4.52,0.445927,0.054154
4.53,0.446167,0.053913
4.54,0.446405,0.053673
4.55,0.446643,0.053433
4.56,0.44688,0.053195
4.57,0.447116,0.052958
4.58,0.447351,0.052721
4.59,0.447585,0.052486
4.6,0.447818,0.052251
4.61,0.448051,0.052018
4.62,0.448282,0.051785
4.63,0.448512,0.051553
4.64,0.448742,0.051323
4.65,0.448971,0.051093
4.66,0.449199,0.050864
4.67,0.449425,0.050635
4.68,0.449652,0.050408
4.69,0.449877,0.050182
4.7,0.450101,0.049957
4.71,0.450324,0.049732
4.72,0.450547,0.049509
4.73,0.450768,0.049286
4.74,0.450989,0.049064
4.75,0.451209,0.048843
4.76,0.451428,0.048623
4.77,0.451646,0.048404
4.78,0.451864,0.048186
4.79,0.45208,0.047969
4.8,0.452295,0.047752
4.81,0.45251,0.047537
4.82,0.452724,0.047322
4.83,0.452937,0.047108
4.84,0.453149,0.046895
4.85,0.45336,0.046683
4.86,0.453571,0.046472
4.87,0.45378,0.046261
4.88,0.453989,0.046052
4.89,0.454197,0.045843
4.9,0.454404,0.045635
4.91,0.45461,0.045428
4.92,0.454816,0.045222
4.93,0.45502,0.045017
4.94,0.455224,0.044812
4.95,0.455427,0.044609
4.96,0.455629,0.044406
4.97,0.45583,0.044204
4.98,0.456031,0.044003
4.99,0.456231,0.043803
5,0.456429,0.043603
5.01,0.456627,0.043404
5.02,0.456825,0.043207
5.03,0.457021,0.04301
5.04,0.457217,0.042813
5.05,0.457411,0.042618
5.06,0.457605,0.042424
5.07,0.457799,0.04223
5.08,0.457991,0.042037
5.09,0.458183,0.041845
5.1,0.458374,0.041653
5.11,0.458564,0.041463
5.12,0.458753,0.041273
5.13,0.458941,0.041084
5.14,0.459129,0.040896
5.15,0.459316,0.040708
5.16,0.459502,0.040522
5.17,0.459687,0.040336
5.18,0.459872,0.040151
5.19,0.460056,0.039967
5.2,0.460239,0.039783
5.21,0.460421,0.0396
5.22,0.460603,0.039418
5.23,0.460784,0.039237
5.24,0.460964,0.039057
5.25,0.461143,0.038877
5.26,0.461322,0.038698
5.27,0.461499,0.03852
5.28,0.461676,0.038343
5.29,0.461853,0.038166
5.3,0.462028,0.03799
5.31,0.462203,0.037815
5.32,0.462377,0.03764
5.33,0.46255,0.037467
5.34,0.462723,0.037294
5.35,0.462895,0.037122
5.36,0.463066,0.03695
5.37,0.463237,0.036779
5.38,0.463406,0.036609
5.39,0.463575,0.03644
5.4,0.463744,0.036271
5.41,0.463911,0.036104
5.42,0.464078,0.035936
5.43,0.464244,0.03577
5.44,0.46441,0.035604
5.45,0.464574,0.035439
5.46,0.464738,0.035275
5.47,0.464902,0.035111
5.48,0.465064,0.034948
5.49,0.465226,0.034786
5.5,0.465388,0.034625
5.51,0.465548,0.034464
5.52,0.465708,0.034304
5.53,0.465867,0.034144
5.54,0.466026,0.033986
5.55,0.466184,0.033828
5.56,0.466341,0.03367
5.57,0.466497,0.033514
5.58,0.466653,0.033358
5.59,0.466808,0.033202
5.6,0.466963,0.033048
5.61,0.467116,0.032894
5.62,0.46727,0.03274
5.63,0.467422,0.032588
5.64,0.467574,0.032436
5.65,0.467725,0.032284
5.66,0.467876,0.032134
5.67,0.468025,0.031984
5.68,0.468175,0.031834
5.69,0.468323,0.031685
5.7,0.468471,0.031537
5.71,0.468618,0.03139
5.72,0.468765,0.031243
5.73,0.468911,0.031097
5.74,0.469056,0.030952
5.75,0.469201,0.030807
5.76,0.469345,0.030662
5.77,0.469489,0.030519
5.78,0.469631,0.030376
5.79,0.469774,0.030233
5.8,0.469915,0.030092
5.81,0.470056,0.029951
5.82,0.470197,0.02981
5.83,0.470336,0.02967
5.84,0.470475,0.029531
5.85,0.470614,0.029392
5.86,0.470752,0.029254
5.87,0.470889,0.029117
5.88,0.471026,0.02898
5.89,0.471162,0.028844
5.9,0.471297,0.028708
5.91,0.471432,0.028573
5.92,0.471567,0.028439
5.93,0.4717,0.028305
5.94,0.471833,0.028172
5.95,0.471966,0.028039
5.96,0.472098,0.027907
5.97,0.472229,0.027776
5.98,0.47236,0.027645
5.99,0.47249,0.027515
6,0.47262,0.027385
6.01,0.472749,0.027256
6.02,0.472877,0.027127
6.03,0.473005,0.026999
6.04,0.473133,0.026872
6.05,0.473259,0.026745
6.06,0.473386,0.026619
6.07,0.473511,0.026493
6.08,0.473636,0.026368
6.09,0.473761,0.026243
6.1,0.473885,0.026119
6.11,0.474008,0.025995
6.12,0.474131,0.025873
6.13,0.474254,0.02575
6.14,0.474375,0.025628
6.15,0.474497,0.025507
6.16,0.474617,0.025386
6.17,0.474737,0.025266
6.18,0.474857,0.025146
6.19,0.474976,0.025027
6.2,0.475095,0.024909
6.21,0.475213,0.02479
6.22,0.47533,0.024673
6.23,0.475447,0.024556
6.24,0.475564,0.024439
6.25,0.475679,0.024323
6.26,0.475795,0.024208
6.27,0.47591,0.024093
6.28,0.476024,0.023979
6.29,0.476138,0.023865
6.3,0.476251,0.023751
6.31,0.476364,0.023639
6.32,0.476476,0.023526
6.33,0.476588,0.023414
6.34,0.476699,0.023303
6.35,0.47681,0.023192
6.36,0.476921,0.023082
6.37,0.47703,0.022972
6.38,0.47714,0.022863
6.39,0.477248,0.022754
6.4,0.477357,0.022645
6.41,0.477465,0.022538
6.42,0.477572,0.02243
6.43,0.477679,0.022323
6.44,0.477785,0.022217
6.45,0.477891,0.022111
6.46,0.477996,0.022006
6.47,0.478101,0.021901
6.48,0.478206,0.021796
6.49,0.47831,0.021692
6.5,0.478413,0.021589
6.51,0.478516,0.021486
6.52,0.478619,0.021383
6.53,0.478721,0.021281
6.54,0.478822,0.021179
6.55,0.478924,0.021078
6.56,0.479024,0.020977
6.57,0.479124,0.020877
6.58,0.479224,0.020777
6.59,0.479324,0.020678
6.6,0.479422,0.020579
6.61,0.479521,0.020481
6.62,0.479619,0.020383
6.63,0.479716,0.020285
6.64,0.479813,0.020188
6.65,0.47991,0.020091
6.66,0.480006,0.019995
6.67,0.480102,0.019899
6.68,0.480197,0.019804
6.69,0.480292,0.019709
6.7,0.480386,0.019615
6.71,0.48048,0.019521
6.72,0.480574,0.019427
6.73,0.480667,0.019334
6.74,0.48076,0.019241
6.75,0.480852,0.019149
6.76,0.480944,0.019057
6.77,0.481035,0.018966
6.78,0.481126,0.018875
6.79,0.481217,0.018784
6.8,0.481307,0.018694
6.81,0.481397,0.018604
6.82,0.481486,0.018515
6.83,0.481575,0.018426
6.84,0.481664,0.018337
6.85,0.481752,0.018249
6.86,0.481839,0.018161
6.87,0.481927,0.018074
6.88,0.482014,0.017987
6.89,0.4821,0.017901
6.9,0.482186,0.017815
6.91,0.482272,0.017729
6.92,0.482357,0.017644
6.93,0.482442,0.017559
6.94,0.482527,0.017474
6.95,0.482611,0.01739
6.96,0.482694,0.017306
6.97,0.482778,0.017223
6.98,0.482861,0.01714
6.99,0.482943,0.017057
7,0.483025,0.016975
7.01,0.483107,0.016893
7.02,0.483189,0.016812
7.03,0.48327,0.016731
7.04,0.48335,0.01665
7.05,0.483431,0.01657
7.06,0.48351,0.01649
7.07,0.48359,0.016411
7.08,0.483669,0.016331
7.09,0.483748,0.016253
7.1,0.483826,0.016174
7.11,0.483904,0.016096
7.12,0.483982,0.016018
7.13,0.48406,0.015941
7.14,0.484136,0.015864
7.15,0.484213,0.015787
7.16,0.484289,0.015711
7.17,0.484365,0.015635
7.18,0.484441,0.01556
7.19,0.484516,0.015484
7.2,0.484591,0.01541
7.21,0.484665,0.015335
7.22,0.484739,0.015261
7.23,0.484813,0.015187
7.24,0.484887,0.015114
7.25,0.48496,0.015041
7.26,0.485033,0.014968
7.27,0.485105,0.014895
7.28,0.485177,0.014823
7.29,0.485249,0.014752
7.3,0.48532,0.01468
7.31,0.485391,0.014609
7.32,0.485462,0.014538
7.33,0.485532,0.014468
7.34,0.485603,0.014398
7.35,0.485672,0.014328
7.36,0.485742,0.014259
7.37,0.485811,0.01419
7.38,0.48588,0.014121
7.39,0.485948,0.014052
7.4,0.486016,0.013984
7.41,0.486084,0.013916
7.42,0.486151,0.013849
7.43,0.486219,0.013782
7.44,0.486285,0.013715
7.45,0.486352,0.013648
7.46,0.486418,0.013582
7.47,0.486484,0.013516
7.48,0.48655,0.013451
7.49,0.486615,0.013385
7.5,0.48668,0.01332
7.51,0.486745,0.013256
7.52,0.486809,0.013191
7.53,0.486873,0.013127
7.54,0.486937,0.013063
7.55,0.487,0.013
7.56,0.487063,0.012937
7.57,0.487126,0.012874
7.58,0.487189,0.012811
7.59,0.487251,0.012749
7.6,0.487313,0.012687
7.61,0.487375,0.012625
7.62,0.487436,0.012564
7.63,0.487497,0.012503
7.64,0.487558,0.012442
7.65,0.487619,0.012382
7.66,0.487679,0.012321
7.67,0.487739,0.012261
7.68,0.487798,0.012202
7.69,0.487858,0.012142
7.7,0.487917,0.012083
7.71,0.487976,0.012024
7.72,0.488034,0.011966
7.73,0.488092,0.011908
7.74,0.48815,0.01185
7.75,0.488208,0.011792
7.76,0.488266,0.011735
7.77,0.488323,0.011677
7.78,0.48838,0.011621
7.79,0.488436,0.011564
7.8,0.488493,0.011508
7.81,0.488549,0.011451
7.82,0.488604,0.011396
7.83,0.48866,0.01134
7.84,0.488715,0.011285
7.85,0.48877,0.01123
7.86,0.488825,0.011175
7.87,0.48888,0.011121
7.88,0.488934,0.011066
7.89,0.488988,0.011012
7.9,0.489042,0.010959
7.91,0.489095,0.010905
7.92,0.489148,0.010852
7.93,0.489201,0.010799
7.94,0.489254,0.010746
7.95,0.489306,0.010694
7.96,0.489358,0.010642
7.97,0.48941,0.01059
7.98,0.489462,0.010538
7.99,0.489514,0.010487
8,0.489565,0.010435
8.01,0.489616,0.010384
8.02,0.489666,0.010334
8.03,0.489717,0.010283
8.04,0.489767,0.010233
8.05,0.489817,0.010183
8.06,0.489867,0.010133
8.07,0.489916,0.010084
8.08,0.489966,0.010034
8.09,0.490015,0.009985
8.1,0.490064,0.009936
8.11,0.490112,0.009888
8.12,0.490161,0.00984
8.13,0.490209,0.009791
8.14,0.490257,0.009744
8.15,0.490304,0.009696
8.16,0.490352,0.009648
8.17,0.490399,0.009601
8.18,0.490446,0.009554
8.19,0.490493,0.009508
8.2,0.490539,0.009461
8.21,0.490585,0.009415
8.22,0.490631,0.009369
8.23,0.490677,0.009323
8.24,0.490723,0.009277
8.25,0.490768,0.009232
8.26,0.490814,0.009187
8.27,0.490859,0.009142
8.28,0.490903,0.009097
8.29,0.490948,0.009052
8.3,0.490992,0.009008
8.31,0.491036,0.008964
8.32,0.49108,0.00892
8.33,0.491124,0.008876
8.34,0.491167,0.008833
8.35,0.491211,0.008789
8.36,0.491254,0.008746
8.37,0.491297,0.008703
8.38,0.491339,0.008661
8.39,0.491382,0.008618
8.4,0.491424,0.008576
8.41,0.491466,0.008534
8.42,0.491508,0.008492
8.43,0.491549,0.008451
8.44,0.491591,0.008409
8.45,0.491632,0.008368
8.46,0.491673,0.008327
8.47,0.491714,0.008286
8.48,0.491755,0.008245
8.49,0.491795,0.008205
8.5,0.491835,0.008165
8.51,0.491875,0.008125
8.52,0.491915,0.008085
8.53,0.491955,0.008045
8.54,0.491994,0.008006
8.55,0.492034,0.007966
8.56,0.492073,0.007927
8.57,0.492112,0.007888
8.58,0.49215,0.00785
8.59,0.492189,0.007811
8.6,0.492227,0.007773
8.61,0.492266,0.007734
8.62,0.492304,0.007696
8.63,0.492341,0.007659
8.64,0.492379,0.007621
8.65,0.492416,0.007584
8.66,0.492454,0.007546
8.67,0.492491,0.007509
8.68,0.492528,0.007472
8.69,0.492564,0.007436
8.7,0.492601,0.007399
8.71,0.492637,0.007363
8.72,0.492673,0.007327
8.73,0.492709,0.007291
8.74,0.492745,0.007255
8.75,0.492781,0.007219
8.76,0.492816,0.007184
8.77,0.492852,0.007148
8.78,0.492887,0.007113
8.79,0.492922,0.007078
8.8,0.492957,0.007043
8.81,0.492991,0.007009
8.82,0.493026,0.006974
8.83,0.49306,0.00694
8.84,0.493094,0.006906
8.85,0.493128,0.006872
8.86,0.493162,0.006838
8.87,0.493196,0.006804
8.88,0.493229,0.006771
8.89,0.493262,0.006738
8.9,0.493296,0.006704
8.91,0.493329,0.006671
8.92,0.493361,0.006639
8.93,0.493394,0.006606
8.94,0.493427,0.006573
8.95,0.493459,0.006541
8.96,0.493491,0.006509
8.97,0.493523,0.006477
8.98,0.493555,0.006445
8.99,0.493587,0.006413
9,0.493618,0.006382
9.01,0.49365,0.00635
9.02,0.493681,0.006319
9.03,0.493712,0.006288
9.04,0.493743,0.006257
9.05,0.493774,0.006226
9.06,0.493805,0.006195
9.07,0.493835,0.006165
9.08,0.493866,0.006134
9.09,0.493896,0.006104
9.1,0.493926,0.006074
9.11,0.493956,0.006044
9.12,0.493986,0.006014
9.13,0.494015,0.005985
9.14,0.494045,0.005955
9.15,0.494074,0.005926
9.16,0.494103,0.005897
9.17,0.494132,0.005868
9.18,0.494161,0.005839
9.19,0.49419,0.00581
9.2,0.494219,0.005781
9.21,0.494247,0.005753
9.22,0.494276,0.005725
9.23,0.494304,0.005696
9.24,0.494332,0.005668
9.25,0.49436,0.00564
9.26,0.494388,0.005612
9.27,0.494415,0.005585
9.28,0.494443,0.005557
9.29,0.49447,0.00553
9.3,0.494498,0.005503
9.31,0.494525,0.005475
9.32,0.494552,0.005448
9.33,0.494579,0.005421
9.34,0.494605,0.005395
9.35,0.494632,0.005368
9.36,0.494658,0.005342
9.37,0.494685,0.005315
9.38,0.494711,0.005289
9.39,0.494737,0.005263
9.4,0.494763,0.005237
9.41,0.494789,0.005211
9.42,0.494815,0.005185
9.43,0.49484,0.00516
9.44,0.494866,0.005134
9.45,0.494891,0.005109
9.46,0.494916,0.005084
9.47,0.494941,0.005059
9.48,0.494966,0.005034
9.49,0.494991,0.005009
9.5,0.495016,0.004984
9.51,0.495041,0.004959
9.52,0.495065,0.004935
9.53,0.495089,0.004911
9.54,0.495114,0.004886
9.55,0.495138,0.004862
9.56,0.495162,0.004838
9.57,0.495186,0.004814
9.58,0.495209,0.004791
9.59,0.495233,0.004767
9.6,0.495257,0.004743
9.61,0.49528,0.00472
9.62,0.495303,0.004697
9.63,0.495327,0.004673
9.64,0.49535,0.00465
9.65,0.495373,0.004627
9.66,0.495396,0.004604
9.67,0.495418,0.004582
9.68,0.495441,0.004559
9.69,0.495464,0.004536
9.7,0.495486,0.004514
9.71,0.495508,0.004492
9.72,0.49553,0.00447
9.73,0.495553,0.004447
9.74,0.495575,0.004425
9.75,0.495596,0.004404
9.76,0.495618,0.004382
9.77,0.49564,0.00436
9.78,0.495661,0.004339
9.79,0.495683,0.004317
9.8,0.495704,0.004296
9.81,0.495725,0.004275
9.82,0.495747,0.004253
9.83,0.495768,0.004232
9.84,0.495789,0.004211
9.85,0.495809,0.004191
9.86,0.49583,0.00417
9.87,0.495851,0.004149
9.88,0.495871,0.004129
9.89,0.495892,0.004108
9.9,0.495912,0.004088
9.91,0.495932,0.004068
9.92,0.495952,0.004048
9.93,0.495972,0.004028
9.94,0.495992,0.004008
9.95,0.496012,0.003988
9.96,0.496032,0.003968
9.97,0.496052,0.003948
9.98,0.496071,0.003929
9.99,0.49609,0.00391
10,0.49611,0.00389
