0,500,10
0.00164,501,10
0.002068,502,10
0.002285,503,10
0.00347,504,10
0.004004,505,10
0.004398,506,10
0.00443,507,10
0.004591,508,10
0.005404,509,10
0.005554,510,10
0.005579,511,10
0.006146,512,10
0.007055,513,10
0.007358,514,10
0.007657,515,10
0.00802,514,10
0.008487,515,10
0.009504,516,10
0.009683,517,10
0.010835,518,10
0.010943,519,10
0.011236,520,10
0.011477,521,10
0.0117,522,10
0.012124,523,10
0.012147,523,11
0.01255,524,11
0.012967,525,11
0.013706,526,11
0.013768,527,11
0.014553,528,11
0.015057,529,11
0.015157,530,11
0.015354,531,11
0.015759,532,11
0.015899,533,11
0.015917,534,11
0.01618,535,11
0.016259,536,11
0.016268,537,11
0.017395,538,11
0.01797,539,11
0.018194,540,11
0.01828,541,11
0.018316,542,11
0.018422,543,11
0.018463,544,11
0.01853,543,11
0.018695,544,11
0.019419,545,11
0.01956,546,11
0.019866,545,11
0.019978,546,11
0.020116,547,11
0.020323,548,11
0.020539,549,11
0.021444,550,11
0.02148,551,11
0.02182,552,11
0.02201,553,11
0.022357,554,11
0.023186,555,11
0.023221,555,10
0.023365,554,10
0.023864,555,10
0.02418,556,10
0.024582,557,10
0.024731,558,10
0.025626,559,10
0.025747,560,10
0.026291,561,10
0.026412,562,10
0.026782,563,10
0.026797,564,10
0.027168,563,10
0.027389,564,10
0.02757,563,10
0.028032,563,11
0.02806,564,11
0.028593,565,11
0.029318,566,11
0.02955,567,11
0.029735,566,11
0.029859,567,11
0.03042,568,11
0.030567,567,11
0.030612,568,11
0.030652,569,11
0.030677,570,11
0.030817,569,11
0.031003,570,11
0.031316,571,11
0.031372,572,11
0.032727,573,11
0.033051,574,11
0.033127,575,11
0.033156,574,11
0.033189,575,11
0.033477,576,11
0.033581,577,11
0.033896,576,11
0.033912,577,11
0.034289,576,11
0.034594,575,11
0.035386,576,11
0.035508,577,11
0.035557,578,11
0.035623,579,11
0.035824,580,11
0.036021,579,11
0.036373,580,11
0.036488,581,11
0.036732,582,11
0.036936,583,11
0.037187,584,11
0.037229,585,11
0.037846,586,11
0.038052,587,11
0.038076,588,11
0.038347,589,11
0.038832,590,11
0.039396,591,11
0.039527,590,11
0.039833,589,11
0.040302,590,11
0.04058,591,11
0.040763,592,11
0.041555,593,11
0.041646,594,11
0.041767,595,11
0.041773,596,11
0.042352,595,11
0.042996,596,11
0.043139,597,11
0.04321,598,11
0.0439,597,11
0.043943,598,11
0.044099,599,11
0.044877,600,11
0.045067,601,11
0.045206,600,11
0.045352,601,11
0.045608,600,11
0.047043,599,11
0.047078,600,11
0.047896,599,11
0.047921,600,11
0.048144,601,11
0.048785,602,11
0.048792,603,11
0.048932,603,10
0.049174,604,10
0.049259,605,10
0.049286,606,10
0.049324,607,10
0.049444,608,10
0.049579,608,11
0.049755,609,11
0.050912,610,11
0.051147,611,11
0.051652,612,11
0.051711,611,11
0.05175,612,11
0.051861,613,11
0.052574,614,11
0.052704,613,11
0.05276,614,11
0.053021,615,11
0.053102,616,11
0.053355,617,11
0.05357,616,11
0.054336,615,11
0.054708,616,11
0.055718,617,11
0.05684,618,11
0.057181,619,11
0.057902,620,11
0.05813,621,11
0.058843,620,11
0.059042,621,11
0.059618,622,11
0.060165,623,11
0.060426,624,11
0.060485,625,11
0.060516,626,11
0.060556,627,11
0.060563,627,12
0.060587,628,12
0.060667,629,12
0.061073,630,12
0.061134,631,12
0.061415,630,12
0.061884,631,12
0.061904,630,12
0.062122,631,12
0.062275,630,12
0.062449,631,12
0.062703,631,13
0.063379,632,13
0.06364,633,13
0.063931,634,13
0.064197,635,13
0.064936,634,13
0.065272,635,13
0.065537,636,13
0.065596,635,13
0.065857,636,13
0.066171,637,13
0.066539,638,13
0.066698,639,13
0.066855,640,13
0.067068,641,13
0.067159,640,13
0.067246,641,13
0.067694,642,13
0.067755,643,13
0.067969,642,13
0.068156,643,13
0.06865,644,13
0.069065,645,13
0.069168,646,13
0.069248,647,13
0.06946,648,13
0.069533,649,13
0.069947,650,13
0.070568,649,13
0.070703,650,13
0.070846,651,13
0.071224,652,13
0.071275,653,13
0.071353,654,13
0.071497,653,13
0.071587,652,13
0.072039,651,13
0.072359,650,13
0.072504,651,13
0.072818,652,13
0.073017,653,13
0.073305,654,13
0.073733,655,13
0.074289,656,13
0.074383,655,13
0.07459,654,13
0.074886,655,13
0.074924,656,13
0.07497,655,13
0.075217,656,13
0.07562,655,13
0.07569,654,13
0.075755,653,13
0.076194,654,13
0.076615,653,13
0.077276,654,13
0.077321,655,13
0.078214,656,13
0.078954,657,13
0.079364,658,13
0.079385,657,13
0.079494,656,13
0.079505,656,14
0.079704,657,14
0.080014,658,14
0.080209,659,14
0.080897,660,14
0.081117,661,14
0.081837,661,15
0.08226,660,15
0.082313,659,15
0.08232,660,15
0.082964,661,15
0.083405,660,15
0.083513,661,15
0.083546,662,15
0.083625,663,15
0.083863,662,15
0.08398,663,15
0.08455,664,15
0.085013,665,15
0.085025,666,15
0.085254,667,15
0.085359,668,15
0.085787,668,16
0.086083,667,16
0.087074,668,16
0.087653,669,16
0.087699,670,16
0.08833,669,16
0.088712,670,16
0.08882,669,16
0.088991,668,16
0.089166,669,16
0.089371,670,16
0.089376,671,16
0.089444,672,16
0.089641,673,16
0.089862,674,16
0.089996,675,16
0.090074,676,16
0.090462,677,16
0.090716,678,16
0.090787,679,16
0.09126,678,16
0.09135,679,16
0.091384,680,16
0.091752,680,15
0.09314,679,15
0.09333,678,15
0.093588,677,15
0.093786,678,15
0.093829,679,15
0.094156,680,15
0.094611,681,15
0.094803,680,15
0.094902,681,15
0.095276,682,15
0.095605,683,15
0.095859,684,15
0.09604,685,15
0.096152,684,15
0.096256,685,15
0.096449,686,15
0.096662,687,15
0.096853,688,15
0.097165,689,15
0.097931,688,15
0.098064,687,15
0.098325,686,15
0.098428,685,15
0.098502,684,15
0.098726,685,15
0.098996,684,15
0.099582,685,15
0.099738,686,15
0.099825,687,15
0.100243,688,15
0.100401,689,15
0.100649,688,15
0.100907,689,15
0.10121,690,15
0.102305,691,15
0.102515,692,15
0.102664,691,15
0.102974,692,15
0.103028,693,15
0.104206,694,15
0.104287,694,16
0.104687,695,16
0.105271,696,16
0.106217,695,16
0.106812,696,16
0.107132,696,17
0.107392,695,17
0.10791,696,17
0.107965,697,17
0.108165,696,17
0.108495,697,17
0.108693,697,18
0.108775,696,18
0.109025,697,18
0.10924,698,18
0.110929,697,18
0.110976,696,18
0.11158,697,18
0.111788,698,18
0.111862,699,18
0.112143,700,18
0.112323,701,18
0.112367,702,18
0.11334,703,18
0.113802,704,18
0.113806,705,18
0.113923,706,18
0.114645,707,18
0.114839,708,18
0.115037,707,18
0.115478,708,18
0.115585,707,18
0.115863,708,18
0.115877,707,18
0.116389,708,18
0.116465,709,18
0.116662,708,18
0.118101,707,18
0.118191,706,18
0.118324,705,18
0.118701,706,18
0.118766,707,18
0.118891,708,18
0.119096,709,18
0.119249,710,18
0.119787,709,18
0.119877,710,18
0.119893,710,19
0.120281,711,19
0.120485,710,19
0.120891,711,19
0.121234,712,19
0.121246,713,19
0.121295,714,19
0.121472,715,19
0.12169,716,19
0.122064,715,19
0.122475,716,19
0.122582,715,19
0.122627,714,19
0.123061,715,19
0.123177,714,19
0.12333,713,19
0.123768,714,19
0.123799,713,19
0.123874,714,19
0.124053,713,19
0.124168,714,19
0.124226,715,19
0.124426,716,19
0.124529,716,20
0.124827,717,20
0.124896,717,21
0.125156,717,22
0.12588,718,22
0.125943,717,22
0.125961,718,22
0.12601,719,22
0.126596,718,22
0.126698,717,22
0.127023,718,22
0.12707,719,22
0.127132,718,22
0.127327,719,22
0.127668,720,22
0.128465,721,22
0.128575,722,22
0.128977,722,21
0.129011,723,21
0.12903,724,21
0.129603,723,21
0.129657,722,21
0.129692,721,21
0.130002,722,21
0.130082,723,21
0.130107,722,21
0.130291,721,21
0.130594,722,21
0.130658,723,21
0.130915,724,21
0.130933,723,21
0.13107,724,21
0.131168,725,21
0.131566,725,22
0.131568,724,22
0.131748,725,22
0.13178,726,22
0.131855,726,23
0.132072,725,23
0.132534,726,23
0.13263,725,23
0.132723,726,23
0.133125,726,24
0.133391,727,24
0.13413,726,24
0.134507,727,24
0.13504,726,24
0.135213,727,24
0.135227,728,24
0.135351,729,24
0.135353,728,24
0.135381,729,24
0.135537,729,25
0.135704,729,24
0.136011,728,24
0.13628,729,24
0.13712,730,24
0.137193,731,24
0.137369,732,24
0.137424,731,24
0.137867,732,24
0.137875,733,24
0.138242,734,24
0.138265,734,23
0.138361,735,23
0.13843,736,23
0.138921,737,23
0.138924,736,23
0.138967,737,23
0.13961,736,23
0.139686,735,23
0.140005,736,23
0.140021,735,23
0.140577,736,23
0.140654,735,23
0.140913,735,24
0.141099,736,24
0.141124,736,23
0.141573,737,23
0.141621,737,24
0.141698,738,24
0.14197,739,24
0.141983,740,24
0.142372,741,24
0.14242,740,24
0.142467,739,24
0.142653,738,24
0.143107,739,24
0.14334,738,24
0.143362,739,24
0.143404,738,24
0.144434,737,24
0.144769,736,24
0.145052,737,24
0.145321,736,24
0.145428,736,25
0.146095,737,25
0.14612,738,25
0.146218,737,25
0.146417,738,25
0.146798,739,25
0.147384,740,25
0.147584,741,25
0.147635,742,25
0.148342,743,25
0.148479,744,25
0.149022,743,25
0.14906,742,25
0.149127,743,25
0.149265,744,25
0.149472,745,25
0.149635,745,26
0.149763,744,26
0.149896,743,26
0.150012,742,26
0.150222,743,26
0.150334,744,26
0.150516,745,26
0.151211,744,26
0.151284,745,26
0.151312,744,26
0.15153,745,26
0.151971,746,26
0.152252,745,26
0.152713,744,26
0.152965,745,26
0.153094,746,26
0.153487,745,26
0.153525,746,26
0.153917,747,26
0.154004,746,26
0.154179,747,26
0.154276,748,26
0.154411,747,26
0.154666,748,26
0.154673,747,26
0.154803,746,26
0.154806,745,26
0.154808,746,26
0.154985,745,26
0.155179,746,26
0.155377,747,26
0.155603,747,27
0.155973,747,28
0.156064,748,28
0.156069,747,28
0.156422,748,28
0.156529,747,28
0.156579,748,28
0.156851,748,29
0.157067,749,29
0.157223,750,29
0.157341,749,29
0.157563,748,29
0.15782,749,29
0.15817,748,29
0.158312,748,30
0.158379,749,30
0.158446,748,30
0.158543,747,30
0.1587,746,30
0.158865,747,30
0.158911,748,30
0.159048,749,30
0.159194,748,30
0.159279,749,30
0.159318,748,30
0.159448,749,30
0.159607,748,30
0.159952,749,30
0.160013,748,30
0.16002,749,30
0.160288,748,30
0.160467,749,30
0.16116,750,30
0.16143,751,30
0.1615,752,30
0.161521,753,30
0.161611,754,30
0.161762,753,30
0.161778,754,30
0.16181,753,30
0.161839,754,30
0.162087,753,30
0.162187,754,30
0.162265,753,30
0.162327,752,30
0.162329,753,30
0.162488,754,30
0.162566,754,31
0.162999,753,31
0.163124,752,31
0.163175,753,31
0.163515,754,31
0.163882,753,31
0.164036,752,31
0.16419,751,31
0.164461,752,31
0.164479,753,31
0.164609,752,31
0.164814,753,31
0.165453,754,31
0.165468,755,31
0.166069,754,31
0.16614,755,31
0.166155,755,32
0.166714,754,32
0.166844,754,33
0.166864,753,33
0.166873,754,33
0.167109,755,33
0.16764,754,33
0.168351,753,33
0.168599,752,33
0.168627,753,33
0.16872,752,33
0.168752,751,33
0.16881,752,33
0.16894,753,33
0.169047,754,33
0.169142,753,33
0.169186,754,33
0.169308,753,33
0.169328,752,33
0.169548,752,34
0.169735,751,34
0.169949,751,35
0.17003,750,35
0.170074,749,35
0.170177,750,35
0.170184,751,35
0.170261,750,35
0.170477,750,36
0.170713,751,36
0.170741,751,35
0.170828,752,35
0.170919,753,35
0.170934,754,35
0.171088,753,35
0.17137,752,35
0.171379,751,35
0.171541,750,35
0.171554,751,35
0.17211,752,35
0.172202,753,35
0.172217,752,35
0.172226,751,35
0.172402,750,35
0.172478,750,34
0.17267,751,34
0.172673,750,34
0.172679,751,34
0.173133,752,34
0.173377,753,34
0.173684,752,34
0.173852,753,34
0.173868,754,34
0.174021,753,34
0.174206,752,34
0.17422,751,34
0.174444,751,35
0.174614,752,35
0.174633,752,36
0.174999,753,36
0.175026,754,36
0.175057,755,36
0.175305,756,36
0.175675,757,36
0.175853,756,36
0.175901,757,36
0.175985,758,36
0.176282,757,36
0.176801,756,36
0.17683,757,36
0.176831,757,37
0.176938,756,37
0.177026,755,37
0.177038,756,37
0.177222,755,37
0.17723,755,38
0.177271,754,38
0.177307,753,38
0.177523,754,38
0.177979,753,38
0.178076,754,38
0.178144,753,38
0.178161,754,38
0.178174,754,37
0.178504,755,37
0.178688,756,37
0.17871,755,37
0.178766,754,37
0.179076,755,37
0.179088,754,37
0.17945,755,37
0.179533,756,37
0.179859,757,37
0.180004,756,37
0.18023,757,37
0.180318,758,37
0.180355,759,37
0.180549,759,36
0.180608,760,36
0.180665,761,36
0.18069,762,36
0.18078,761,36
0.180973,762,36
0.181404,761,36
0.181508,760,36
0.181548,759,36
0.181632,760,36
0.181795,759,36
0.181884,760,36
0.181889,759,36
0.181942,760,36
0.182536,759,36
0.18291,760,36
0.18319,759,36
0.183193,758,36
0.183498,758,37
0.183526,757,37
0.183628,758,37
0.184435,759,37
0.184467,760,37
0.184751,761,37
0.185228,760,37
0.185338,761,37
0.185549,761,38
0.185614,762,38
0.186279,763,38
0.186346,762,38
0.18646,761,38
0.186619,760,38
0.186627,759,38
0.186861,758,38
0.186939,759,38
0.187022,758,38
0.187231,759,38
0.187503,760,38
0.187532,761,38
0.187663,761,39
0.187773,762,39
0.187783,762,40
0.18779,761,40
0.187816,760,40
0.188069,759,40
0.188219,758,40
0.188291,759,40
0.188436,760,40
0.188557,760,41
0.188786,760,42
0.189187,761,42
0.189289,762,42
0.18929,763,42
0.189448,762,42
0.189515,763,42
0.189595,764,42
0.1896,765,42
0.189708,766,42
0.189744,765,42
0.189843,766,42
0.190028,765,42
0.19009,765,43
0.190121,766,43
0.190138,766,44
0.190205,767,44
0.190427,766,44
0.190672,767,44
0.190686,766,44
0.190985,765,44
0.191091,764,44
0.191218,763,44
0.191252,764,44
0.191335,765,44
0.191843,765,45
0.191894,764,45
0.191908,763,45
0.192097,762,45
0.192154,761,45
0.192537,760,45
0.192631,760,46
0.192699,759,46
0.192723,758,46
0.192923,757,46
0.193396,758,46
0.193636,759,46
0.193645,760,46
0.193646,760,47
0.193917,759,47
0.194025,758,47
0.194031,759,47
0.194184,759,48
0.194378,758,48
0.194565,757,48
0.194568,757,49
0.194957,756,49
0.194993,756,50
0.195041,755,50
0.195262,754,50
0.195471,754,51
0.196005,753,51
0.196025,752,51
0.196108,753,51
0.196121,754,51
0.196186,755,51
0.196741,754,51
0.197372,753,51
0.197376,752,51
0.197448,751,51
0.197533,750,51
0.197604,751,51
0.197899,752,51
0.198188,752,52
0.19834,751,52
0.198389,750,52
0.198435,749,52
0.19845,750,52
0.198968,749,52
0.199078,748,52
0.199243,747,52
0.199552,746,52
0.199586,747,52
0.199722,746,52
0.199794,745,52
0.199806,744,52
0.199893,743,52
0.199914,743,51
0.200127,742,51
0.200145,743,51
0.20053,742,51
0.200745,743,51
0.200746,742,51
0.200811,741,51
0.200862,742,51
0.201068,743,51
0.201077,742,51
0.201201,742,52
0.201325,743,52
0.201404,744,52
0.201446,745,52
0.201686,746,52
0.201713,745,52
0.201783,744,52
0.201786,744,53
0.201935,743,53
0.201984,742,53
0.201985,743,53
0.202575,744,53
0.203085,743,53
0.203087,742,53
0.203104,741,53
0.203242,742,53
0.20345,741,53
0.203498,742,53
0.203572,741,53
0.203619,741,54
0.203904,740,54
0.204141,741,54
0.204144,741,55
0.204184,742,55
0.204252,743,55
0.204536,742,55
0.20457,743,55
0.204704,744,55
0.204721,745,55
0.20488,744,55
0.204901,745,55
0.204962,746,55
0.205216,746,56
0.205264,747,56
0.205294,746,56
0.205412,746,57
0.205504,745,57
0.205601,744,57
0.205653,745,57
0.205762,746,57
0.205798,745,57
0.205916,744,57
0.205983,744,58
0.206166,745,58
0.206186,744,58
0.206622,745,58
0.206634,744,58
0.206707,743,58
0.20675,742,58
0.206837,741,58
0.206838,741,59
0.206959,742,59
0.206975,743,59
0.207009,742,59
0.20707,743,59
0.207126,742,59
0.207157,741,59
0.207195,740,59
0.207204,741,59
0.207277,742,59
0.20736,741,59
0.207377,742,59
0.207525,743,59
0.207595,742,59
0.207726,741,59
0.207831,740,59
0.207942,739,59
0.207961,738,59
0.207982,737,59
0.208139,736,59
0.208305,737,59
0.208358,737,60
0.208433,736,60
0.208507,735,60
0.208549,734,60
0.208565,735,60
0.208705,735,59
0.208766,734,59
0.208827,733,59
0.208863,733,58
0.208987,732,58
0.208998,731,58
0.209067,732,58
0.209101,731,58
0.209131,731,59
0.209247,732,59
0.209351,733,59
0.209467,732,59
0.209492,733,59
0.209626,734,59
0.209811,734,60
0.209918,733,60
0.209966,732,60
0.210185,733,60
0.2102,732,60
0.210217,731,60
0.210797,730,60
0.210857,729,60
0.210933,728,60
0.210997,727,60
0.211343,726,60
0.211403,727,60
0.211529,728,60
0.211634,729,60
0.211777,730,60
0.211804,731,60
0.21202,730,60
0.212493,731,60
0.212512,732,60
0.212562,731,60
0.212632,730,60
0.212771,729,60
0.212874,728,60
0.213038,729,60
0.213084,729,61
0.213156,729,62
0.213169,728,62
0.213223,727,62
0.21327,726,62
0.213272,727,62
0.213334,728,62
0.213361,728,63
0.213409,728,64
0.21358,729,64
0.21388,729,63
0.214002,728,63
0.21409,727,63
0.214308,727,64
0.214358,726,64
0.214386,725,64
0.214406,724,64
0.21449,723,64
0.214581,722,64
0.214726,721,64
0.214825,720,64
0.214829,719,64
0.215028,720,64
0.215165,721,64
0.215332,720,64
0.215515,720,65
0.215614,721,65
0.215663,722,65
0.215679,723,65
0.215939,723,66
0.21599,724,66
0.216139,723,66
0.216298,723,67
0.216309,724,67
0.216337,723,67
0.2164,722,67
0.216704,721,67
0.216714,720,67
0.216797,721,67
0.216873,722,67
0.216897,721,67
0.216923,720,67
0.216934,721,67
0.217149,721,66
0.217254,720,66
0.217325,719,66
0.217479,720,66
0.217485,719,66
0.217562,718,66
0.217565,717,66
0.217584,717,67
0.217636,716,67
0.217727,717,67
0.218143,718,67
0.218169,718,68
0.218208,717,68
0.218246,718,68
0.218326,717,68
0.218417,718,68
0.218484,717,68
0.218714,718,68
0.218796,719,68
0.218943,720,68
0.219112,720,69
0.219156,719,69
0.219231,718,69
0.219308,717,69
0.219334,718,69
0.219355,718,70
0.219556,718,71
0.219669,717,71
0.219776,718,71
0.219818,717,71
0.219912,718,71
0.219929,717,71
0.21996,718,71
0.220031,718,70
0.220083,717,70
0.220201,716,70
0.220252,715,70
0.220447,716,70
0.220449,715,70
0.220518,715,69
0.220598,716,69
0.220612,717,69
0.220632,718,69
0.220776,717,69
0.220996,716,69
0.221013,715,69
0.221113,715,70
0.221128,714,70
0.221153,715,70
0.221244,714,70
0.221376,715,70
0.221691,714,70
0.221705,713,70
0.221722,712,70
0.221793,713,70
0.221846,714,70
0.221958,715,70
0.222001,714,70
0.222173,714,71
0.222231,713,71
0.222258,712,71
0.222281,713,71
0.222293,712,71
0.222533,711,71
0.222547,711,72
0.22274,712,72
0.222811,711,72
0.222822,710,72
0.222842,709,72
0.222843,708,72
0.22285,707,72
0.222967,708,72
0.223156,709,72
0.223195,708,72
0.223425,707,72
0.22358,707,73
0.223733,707,74
0.223813,706,74
0.224258,707,74
0.224478,706,74
0.224592,707,74
0.224692,706,74
0.224699,705,74
0.224845,704,74
0.224916,704,75
0.225076,703,75
0.225123,704,75
0.225294,703,75
0.225309,704,75
0.225328,705,75
0.225651,704,75
0.225933,704,74
0.225985,703,74
0.226144,704,74
0.226213,703,74
0.226322,702,74
0.226358,703,74
0.226531,704,74
0.226549,703,74
0.22664,702,74
0.226895,701,74
0.226946,702,74
0.226977,701,74
0.227034,700,74
0.227104,699,74
0.22721,700,74
0.227431,699,74
0.227451,699,73
0.227647,700,73
0.227667,699,73
0.227683,700,73
0.22788,699,73
0.227925,700,73
0.228192,699,73
0.228352,700,73
0.228404,701,73
0.228415,700,73
0.228459,699,73
0.2289,698,73
0.228923,697,73
0.229026,697,74
0.229445,696,74
0.229643,697,74
0.229837,698,74
0.229972,697,74
0.230053,696,74
0.2303,697,74
0.230325,698,74
0.230326,699,74
0.230331,700,74
0.230367,699,74
0.230374,698,74
0.23047,699,74
0.230625,700,74
0.230642,699,74
0.230916,700,74
0.230931,699,74
0.230945,698,74
0.231002,697,74
0.231048,698,74
0.231112,699,74
0.231147,698,74
0.231148,699,74
0.231241,699,75
0.231281,698,75
0.231514,698,76
0.231575,697,76
0.231672,696,76
0.231805,695,76
0.231857,694,76
0.231975,693,76
0.232047,692,76
0.232119,691,76
0.232203,690,76
0.23227,691,76
0.2323,690,76
0.232342,691,76
0.2324,691,77
0.232408,692,77
0.232647,692,78
0.232659,691,78
0.232794,690,78
0.232828,689,78
0.232835,690,78
0.232956,691,78
0.233033,690,78
0.233217,690,79
0.233429,689,79
0.233789,688,79
0.23383,687,79
0.23386,686,79
0.233877,686,78
0.233943,685,78
0.234032,685,79
0.234036,686,79
0.234056,685,79
0.234068,684,79
0.234127,684,80
0.234152,683,80
0.234262,683,79
0.234344,682,79
0.23435,681,79
0.234378,680,79
0.234393,679,79
0.23452,678,79
0.234536,679,79
0.23458,678,79
0.234739,677,79
0.234928,676,79
0.235196,677,79
0.23522,678,79
0.235298,677,79
0.235517,676,79
0.235587,675,79
0.235587,674,79
0.235685,674,80
0.235706,673,80
0.235775,674,80
0.23599,673,80
0.236051,673,81
0.236162,672,81
0.236193,671,81
0.236308,672,81
0.236618,671,81
0.236646,671,82
0.236678,670,82
0.2367,669,82
0.236719,668,82
0.236881,667,82
0.237179,667,81
0.237321,667,82
0.237356,666,82
0.237397,665,82
0.237642,664,82
0.237644,663,82
0.23765,662,82
0.23776,661,82
0.237843,661,83
0.237913,662,83
0.238,661,83
0.238042,662,83
0.238566,663,83
0.238998,662,83
0.239052,663,83
0.239062,662,83
0.23913,661,83
0.239336,662,83
0.239352,662,84
0.239437,661,84
0.239981,660,84
0.240026,659,84
0.240066,660,84
0.240111,660,85
0.240173,659,85
0.240228,658,85
0.24033,657,85
0.24043,656,85
0.240439,655,85
0.240686,656,85
0.240788,657,85
0.241007,656,85
0.24105,656,86
0.241066,655,86
0.241206,654,86
0.241242,653,86
0.241246,654,86
0.241439,655,86
0.241559,654,86
0.24159,655,86
0.241593,654,86
0.241647,655,86
0.241674,656,86
0.241732,655,86
0.241744,656,86
0.241845,655,86
0.241886,654,86
0.241894,653,86
0.241941,652,86
0.242078,651,86
0.242205,650,86
0.242373,649,86
0.242615,648,86
0.24281,647,86
0.242934,648,86
0.243073,649,86
0.243356,648,86
0.243506,647,86
0.24359,648,86
0.243944,649,86
0.243972,650,86
0.243988,651,86
0.244,651,87
0.244059,650,87
0.24406,649,87
0.244068,648,87
0.244223,647,87
0.244244,647,86
0.244249,646,86
0.244253,645,86
0.244624,645,87
0.244962,645,88
0.245013,644,88
0.245027,645,88
0.24525,644,88
0.245279,643,88
0.245307,644,88
0.245483,643,88
0.245586,642,88
0.24568,642,89
0.245716,641,89
0.245717,642,89
0.245872,641,89
0.245923,642,89
0.246003,641,89
0.246062,642,89
0.246091,641,89
0.24648,640,89
0.246508,641,89
0.246574,642,89
0.246668,642,90
0.246684,643,90
0.246745,644,90
0.246788,643,90
0.246904,642,90
0.246904,641,90
0.247112,640,90
0.247228,640,91
0.24733,639,91
0.247355,638,91
0.247358,639,91
0.247413,640,91
0.247455,641,91
0.247566,640,91
0.247797,640,92
0.247813,641,92
0.247831,640,92
0.247879,639,92
0.24806,638,92
0.248208,638,93
0.24822,639,93
0.248543,640,93
0.24882,639,93
0.248908,638,93
0.248952,637,93
0.24899,636,93
0.249133,635,93
0.24925,634,93
0.249269,635,93
0.249407,634,93
0.249457,634,94
0.249622,633,94
0.249638,633,95
0.249708,633,96
0.24997,632,96
0.250033,631,96
0.250255,630,96
0.250351,630,95
0.250389,630,96
0.250474,629,96
0.250481,628,96
0.250496,627,96
0.25058,628,96
0.250617,629,96
0.250749,628,96
0.250905,627,96
0.250945,626,96
0.251011,627,96
0.251031,626,96
0.251306,625,96
0.251513,625,97
0.251533,625,98
0.251541,626,98
0.251874,625,98
0.251929,624,98
0.25211,625,98
0.252408,624,98
0.252412,623,98
0.252633,622,98
0.252748,623,98
0.252763,622,98
0.252786,621,98
0.253038,620,98
0.253114,619,98
0.253119,619,99
0.253359,619,98
0.25341,618,98
0.253753,617,98
0.253923,616,98
0.254103,615,98
0.254134,616,98
0.254378,617,98
0.254416,618,98
0.254436,619,98
0.254577,620,98
0.254658,620,99
0.254743,619,99
0.254774,619,100
0.255108,618,100
0.255214,617,100
0.255299,616,100
0.255373,616,101
0.255542,617,101
0.25557,618,101
0.255612,618,102
0.25584,619,102
0.255894,618,102
0.256001,619,102
0.256078,618,102
0.256159,618,103
0.256308,617,103
0.256308,618,103
0.256349,617,103
0.256353,616,103
0.256543,615,103
0.256779,615,104
0.256895,614,104
0.257016,613,104
0.257023,612,104
0.257172,611,104
0.257173,610,104
0.257288,609,104
0.257299,610,104
0.257338,611,104
0.257352,611,105
0.257358,612,105
0.257379,611,105
0.257439,610,105
0.257605,609,105
0.257671,608,105
0.257756,607,105
0.257867,606,105
0.257926,607,105
0.257955,606,105
0.258055,605,105
0.258167,604,105
0.258192,603,105
0.258274,604,105
0.258284,605,105
0.258343,604,105
0.258445,603,105
0.25849,602,105
0.258638,601,105
0.258761,602,105
0.258825,601,105
0.258876,601,106
0.259005,600,106
0.259125,599,106
0.259451,598,106
0.259597,597,106
0.259703,597,105
0.25975,596,105
0.259824,595,105
0.259958,595,106
0.260098,594,106
0.26042,593,106
0.260564,592,106
0.260567,591,106
0.260881,590,106
0.261088,591,106
0.261305,592,106
0.261358,591,106
0.261421,590,106
0.261428,589,106
0.261487,588,106
0.261619,589,106
0.261785,588,106
0.261897,589,106
0.26197,588,106
0.262001,587,106
0.262009,588,106
0.262019,587,106
0.262049,587,105
0.262105,586,105
0.262232,585,105
0.262284,585,106
0.26241,584,106
0.262839,583,106
0.262925,583,107
0.262946,583,108
0.26297,582,108
0.263029,581,108
0.263078,582,108
0.263197,581,108
0.263468,582,108
0.263471,581,108
0.263566,582,108
0.263626,582,109
0.263972,581,109
0.264134,580,109
0.264238,579,109
0.264249,580,109
0.264374,579,109
0.264431,578,109
0.264482,577,109
0.264657,576,109
0.264768,575,109
0.264776,575,108
0.26481,574,108
0.265085,573,108
0.265166,573,109
0.265313,574,109
0.26539,573,109
0.265746,574,109
0.265943,573,109
0.26597,572,109
0.266254,571,109
0.266269,570,109
0.266408,571,109
0.266683,570,109
0.26693,569,109
0.266942,568,109
0.266981,567,109
0.267073,566,109
0.267465,565,109
0.267488,566,109
0.267523,565,109
0.267532,566,109
0.267621,567,109
0.267899,566,109
0.268312,565,109
0.268413,566,109
0.268459,565,109
0.268939,564,109
0.26908,563,109
0.269147,564,109
0.269255,563,109
0.269321,562,109
0.269466,561,109
0.269674,560,109
0.269752,559,109
0.269862,558,109
0.269876,557,109
0.269927,558,109
0.269941,557,109
0.270319,556,109
0.270383,555,109
0.270532,554,109
0.270567,553,109
0.270638,552,109
0.270786,551,109
0.271067,550,109
0.271222,549,109
0.271362,548,109
0.271476,547,109
0.271565,546,109
0.27167,547,109
0.271851,546,109
0.271869,545,109
0.272232,544,109
0.27224,543,109
0.272246,543,110
0.27233,543,111
0.272358,542,111
0.272478,541,111
0.272672,541,112
0.272927,542,112
0.273312,543,112
0.273313,544,112
0.273316,543,112
0.273497,542,112
0.273526,541,112
0.273604,540,112
0.273686,539,112
0.27377,538,112
0.274036,537,112
0.274511,537,113
0.274581,537,114
0.274667,537,115
0.274738,536,115
0.27475,536,116
0.274832,535,116
0.274891,534,116
0.274907,533,116
0.275027,533,117
0.275213,534,117
0.275226,533,117
0.275254,533,118
0.275262,534,118
0.275265,533,118
0.275357,532,118
0.275381,533,118
0.275811,532,118
0.276104,532,119
0.27638,531,119
0.276569,530,119
0.276694,529,119
0.276764,528,119
0.276869,527,119
0.277047,527,120
0.277185,526,120
0.277185,525,120
0.277255,526,120
0.27741,525,120
0.277542,524,120
0.277706,523,120
0.277811,523,121
0.277918,522,121
0.278074,522,122
0.278128,522,121
0.278146,521,121
0.278202,520,121
0.278229,520,122
0.278454,521,122
0.278792,520,122
0.27882,519,122
0.278939,518,122
0.279053,517,122
0.279058,518,122
0.27935,517,122
0.279426,517,123
0.279569,516,123
0.279588,516,124
0.279801,515,124
0.279927,514,124
0.279955,513,124
0.280163,512,124
0.280186,511,124
0.280189,512,124
0.280223,511,124
0.280445,512,124
0.280508,513,124
0.280612,512,124
0.280662,511,124
0.280897,510,124
0.280993,509,124
0.281005,508,124
0.281019,507,124
0.281145,506,124
0.281195,505,124
0.28131,504,124
0.281324,504,125
0.281468,503,125
0.28147,504,125
0.281472,503,125
0.281561,502,125
0.281564,501,125
0.281616,500,125
0.281653,499,125
0.281655,498,125
0.281695,497,125
0.281778,498,125
0.281903,498,126
0.281968,497,126
0.282237,496,126
0.282308,496,127
0.282329,495,127
0.282339,494,127
0.282436,494,128
0.282514,495,128
0.282647,496,128
0.28265,495,128
0.282658,496,128
0.282823,497,128
0.283238,497,129
0.283372,497,128
0.283479,497,129
0.283521,497,130
0.283535,496,130
0.283663,496,131
0.283744,495,131
0.283796,494,131
0.283834,493,131
0.283908,492,131
0.283949,491,131
0.28398,490,131
0.284015,489,131
0.284038,490,131
0.284204,491,131
0.284237,490,131
0.28432,491,131
0.284333,490,131
0.284373,489,131
0.284427,488,131
0.284598,487,131
0.284611,486,131
0.28467,486,132
0.284683,485,132
0.284834,486,132
0.284848,485,132
0.285092,484,132
0.285178,483,132
0.285232,482,132
0.285236,481,132
0.285251,480,132
0.285283,479,132
0.285361,478,132
0.285365,477,132
0.285582,476,132
0.285589,475,132
0.285737,474,132
0.285772,473,132
0.285843,472,132
0.285919,471,132
0.286114,472,132
0.286631,471,132
0.286685,470,132
0.286795,469,132
0.286849,468,132
0.287031,467,132
0.287031,466,132
0.287037,465,132
0.287534,464,132
0.287676,463,132
0.287958,462,132
0.288013,463,132
0.288105,464,132
0.288123,465,132
0.288274,464,132
0.288311,463,132
0.288367,464,132
0.28844,463,132
0.288441,462,132
0.288525,461,132
0.288544,460,132
0.288564,461,132
0.288636,461,133
0.288794,460,133
0.288888,459,133
0.289062,458,133
0.289086,457,133
0.28914,456,133
0.289207,455,133
0.28921,456,133
0.289256,455,133
0.289257,454,133
0.289548,453,133
0.289605,453,132
0.289976,452,132
0.289995,451,132
0.290017,450,132
0.290021,449,132
0.290187,448,132
0.290242,447,132
0.290347,447,133
0.290365,446,133
0.290441,447,133
0.290654,446,133
0.290681,447,133
0.290761,447,134
0.290828,446,134
0.290835,445,134
0.290907,444,134
0.2911,443,134
0.291214,442,134
0.291238,443,134
0.291331,444,134
0.291469,443,134
0.291483,442,134
0.291632,441,134
0.291915,440,134
0.291922,440,135
0.29207,439,135
0.292134,440,135
0.292161,440,136
0.292269,439,136
0.292326,438,136
0.292451,439,136
0.292591,438,136
0.292614,438,135
0.292692,437,135
0.292725,436,135
0.293443,435,135
0.293689,434,135
0.293894,433,135
0.293966,432,135
0.294373,431,135
0.294389,430,135
0.294673,431,135
0.294788,431,136
0.294854,431,137
0.294977,430,137
0.295076,429,137
0.295452,428,137
0.295716,429,137
0.29575,428,137
0.295761,427,137
0.295918,426,137
0.296065,427,137
0.29615,427,136
0.296209,426,136
0.296221,425,136
0.296409,426,136
0.296451,425,136
0.296467,424,136
0.296654,425,136
0.296727,425,137
0.296769,424,137
0.296846,424,136
0.297044,423,136
0.297283,422,136
0.297307,423,136
0.297312,422,136
0.297657,421,136
0.297779,420,136
0.298333,419,136
0.298385,419,137
0.298759,418,137
0.29877,417,137
0.299053,416,137
0.299145,415,137
0.29916,414,137
0.299235,414,138
0.299329,415,138
0.299472,414,138
0.299478,414,137
0.299489,415,137
0.299555,415,138
0.299564,415,139
0.299907,414,139
0.299938,413,139
0.300248,412,139
0.300294,413,139
0.300328,412,139
0.300333,411,139
0.300431,410,139
0.300505,410,140
0.300612,409,140
0.30064,408,140
0.300808,407,140
0.301111,406,140
0.301142,407,140
0.301233,406,140
0.301434,405,140
0.301439,404,140
0.301579,403,140
0.301667,402,140
0.301725,401,140
0.30173,402,140
0.301733,401,140
0.301811,402,140
0.30185,401,140
0.301888,400,140
0.301907,399,140
0.301912,398,140
0.302031,397,140
0.302301,398,140
0.302531,397,140
0.302815,398,140
0.302896,397,140
0.303121,398,140
0.303122,398,141
0.303147,398,142
0.303303,397,142
0.303345,396,142
0.303362,395,142
0.303608,396,142
0.303661,395,142
0.303725,394,142
0.303793,394,143
0.304058,393,143
0.304085,392,143
0.304166,393,143
0.304194,392,143
0.304252,392,142
0.304688,391,142
0.304776,392,142
0.304859,391,142
0.304928,392,142
0.305064,391,142
0.30507,390,142
0.305116,389,142
0.305145,390,142
0.305226,391,142
0.3053,390,142
0.305309,389,142
0.305357,388,142
0.305588,387,142
0.305729,386,142
0.305799,387,142
0.305988,386,142
0.305999,385,142
0.306022,384,142
0.306156,383,142
0.306177,382,142
0.306218,382,143
0.306256,381,143
0.306276,380,143
0.306291,379,143
0.306434,380,143
0.306444,379,143
0.306511,379,144
0.30659,378,144
0.306637,378,145
0.306728,378,146
0.30682,377,146
0.306915,376,146
0.306918,376,145
0.307565,375,145
0.307787,374,145
0.307953,373,145
0.308303,372,145
0.308313,373,145
0.308319,374,145
0.308503,373,145
0.30855,372,145
0.309242,371,145
0.309414,370,145
0.309425,371,145
0.309558,372,145
0.30958,371,145
0.309632,370,145
0.309759,371,145
0.309806,370,145
0.309847,369,145
0.30987,368,145
0.309906,367,145
0.309967,366,145
0.310099,365,145
0.310134,364,145
0.310137,365,145
0.310148,364,145
0.310156,363,145
0.310178,362,145
0.310253,363,145
0.3103,362,145
0.310525,361,145
0.310618,362,145
0.310764,361,145
0.311009,360,145
0.311079,359,145
0.311225,358,145
0.311266,357,145
0.311433,356,145
0.31148,355,145
0.31172,354,145
0.311753,353,145
0.311756,354,145
0.311789,354,144
0.311893,353,144
0.311985,354,144
0.311988,355,144
0.312255,354,144
0.312374,354,145
0.312635,354,144
0.312883,353,144
0.313219,354,144
0.313254,353,144
0.313262,352,144
0.313326,351,144
0.313393,352,144
0.313606,352,145
0.313669,351,145
0.313764,350,145
0.313855,351,145
0.314032,350,145
0.314219,350,146
0.314493,351,146
0.314654,350,146
0.315057,351,146
0.315515,350,146
0.315783,349,146
0.315837,349,147
0.315933,348,147
0.315994,349,147
0.316014,348,147
0.316086,349,147
0.316394,348,147
0.316405,349,147
0.316459,348,147
0.316465,347,147
0.316519,346,147
0.31657,347,147
0.316627,346,147
0.316902,345,147
0.317095,344,147
0.317153,343,147
0.317381,342,147
0.317438,341,147
0.317454,340,147
0.317594,339,147
0.317609,338,147
0.318023,337,147
0.318221,336,147
0.318309,335,147
0.318415,336,147
0.318421,335,147
0.318639,336,147
0.318932,336,146
0.318968,335,146
0.319609,334,146
0.319628,333,146
0.319633,332,146
0.320088,331,146
0.320262,332,146
0.320321,331,146
0.32062,332,146
0.320801,331,146
0.320937,330,146
0.321241,329,146
0.321304,328,146
0.32142,327,146
0.321648,326,146
0.321731,325,146
0.32192,324,146
0.322063,323,146
0.32225,322,146
0.322569,321,146
0.322674,320,146
0.322965,321,146
0.323018,320,146
0.323115,319,146
0.323266,318,146
0.323541,317,146
0.323578,316,146
0.323697,315,146
0.323712,315,145
0.32374,314,145
0.32395,313,145
0.324032,312,145
0.324256,311,145
0.324267,312,145
0.324732,313,145
0.324989,312,145
0.324995,311,145
0.325096,310,145
0.325109,309,145
0.325253,308,145
0.325278,308,146
0.325413,308,147
0.325543,308,148
0.32609,309,148
0.326227,308,148
0.326317,307,148
0.326393,307,147
0.326597,308,147
0.326695,307,147
0.326752,306,147
0.32686,305,147
0.326965,306,147
0.327013,305,147
0.327035,305,148
0.327045,304,148
0.327202,304,149
0.327226,305,149
0.327319,305,148
0.327482,305,147
0.327499,306,147
0.327597,305,147
0.327944,306,147
0.328002,307,147
0.328045,306,147
0.328446,305,147
0.328574,304,147
0.328658,303,147
0.328727,302,147
0.328873,303,147
0.328946,302,147
0.329021,303,147
0.329085,302,147
0.329088,301,147
0.329145,300,147
0.329249,299,147
0.329501,300,147
0.329797,300,148
0.329847,299,148
0.329883,300,148
0.33002,299,148
0.330242,298,148
0.330307,297,148
0.330534,296,148
0.330701,296,149
0.330705,295,149
0.330747,294,149
0.330808,293,149
0.330866,294,149
0.331053,295,149
0.331105,294,149
0.331144,295,149
0.331385,294,149
0.331478,293,149
0.331688,294,149
0.331962,294,148
0.332028,293,148
0.33208,293,147
0.332181,292,147
0.332385,293,147
0.332502,292,147
0.333161,291,147
0.333164,290,147
0.333197,289,147
0.333199,289,148
0.333453,289,147
0.333905,289,146
0.333915,288,146
0.334055,287,146
0.334209,286,146
0.334458,286,147
0.334473,285,147
0.334785,284,147
0.334845,283,147
0.334878,284,147
0.335013,285,147
0.335418,286,147
0.335577,285,147
0.335644,285,146
0.33572,285,145
0.335912,286,145
0.336006,287,145
0.336029,286,145
0.336088,285,145
0.336224,284,145
0.336278,283,145
0.336323,283,146
0.336735,282,146
0.336804,281,146
0.336866,280,146
0.33753,279,146
0.337708,279,147
0.337864,280,147
0.338073,279,147
0.338121,278,147
0.338212,277,147
0.338343,276,147
0.338422,276,148
0.338434,275,148
0.33852,274,148
0.33924,274,147
0.339741,273,147
0.339791,273,148
0.339876,272,148
0.340226,271,148
0.340293,270,148
0.340524,269,148
0.34063,269,147
0.340689,268,147
0.340825,267,147
0.340841,266,147
0.341396,265,147
0.341529,264,147
0.342067,263,147
0.34213,262,147
0.342479,261,147
0.342818,260,147
0.343043,260,148
0.343123,259,148
0.343329,258,148
0.343404,257,148
0.343405,257,149
0.343642,257,150
0.343777,256,150
0.343873,255,150
0.343882,256,150
0.344003,255,150
0.344181,254,150
0.344302,254,151
0.344318,253,151
0.344562,252,151
0.344619,251,151
0.344646,250,151
0.344721,250,152
0.344822,251,152
0.344833,250,152
0.344959,249,152
0.345093,248,152
0.345225,249,152
0.345357,248,152
0.345433,247,152
0.34563,247,151
0.345782,247,150
0.345846,248,150
0.345865,248,151
0.34593,247,151
0.346119,248,151
0.346192,248,152
0.346336,249,152
0.346355,249,153
0.346545,249,154
0.346823,248,154
0.347483,247,154
0.347751,246,154
0.347756,247,154
0.347791,246,154
0.347841,246,153
0.347986,245,153
0.348177,244,153
0.348478,243,153
0.348786,243,152
0.349027,242,152
0.34919,241,152
0.349518,240,152
0.34976,241,152
0.350115,241,153
0.35028,242,153
0.350367,241,153
0.350395,241,152
0.350426,241,151
0.350537,240,151
0.350605,240,150
0.350632,239,150
0.350725,238,150
0.350847,239,150
0.350883,239,149
0.350897,238,149
0.350919,237,149
0.351052,237,150
0.351247,236,150
0.351271,235,150
0.3513,234,150
0.35133,233,150
0.35141,233,151
0.351477,232,151
0.351675,231,151
0.351793,232,151
0.352178,231,151
0.352563,230,151
0.352678,229,151
0.352702,228,151
0.352814,227,151
0.352817,226,151
0.35305,226,150
0.353262,227,150
0.353545,227,151
0.3542,226,151
0.354204,225,151
0.354343,224,151
0.354411,224,150
0.354582,223,150
0.355025,224,150
0.355025,223,150
0.355432,223,149
0.355471,222,149
0.355662,222,150
0.356244,221,150
0.356574,220,150
0.356802,219,150
0.356919,218,150
0.35715,217,150
0.357209,216,150
0.357318,215,150
0.357353,214,150
0.357428,213,150
0.358091,214,150
0.358811,213,150
0.358828,212,150
0.358904,211,150
0.359022,210,150
0.359206,209,150
0.359303,208,150
0.359575,209,150
0.359733,210,150
0.359738,209,150
0.36009,208,150
0.360249,207,150
0.360315,206,150
0.360445,205,150
0.360823,204,150
0.360944,203,150
0.360977,203,149
0.361035,202,149
0.361924,203,149
0.361943,203,150
0.36226,203,149
0.362419,204,149
0.362724,205,149
0.362906,204,149
0.363754,203,149
0.364013,202,149
0.364553,201,149
0.364709,200,149
0.364726,199,149
0.365257,198,149
0.365809,198,148
0.365852,197,148
0.366158,196,148
0.366173,195,148
0.366175,194,148
0.36624,193,148
0.366289,192,148
0.366345,191,148
0.366484,191,149
0.367074,192,149
0.367265,192,150
0.36736,191,150
0.367481,190,150
0.367556,189,150
0.367561,188,150
0.367685,188,151
0.368123,187,151
0.368156,186,151
0.368518,187,151
0.369136,187,150
0.369165,186,150
0.369207,185,150
0.369229,184,150
0.369538,183,150
0.369831,183,151
0.37001,182,151
0.370541,181,151
0.370641,182,151
0.370856,181,151
0.37126,180,151
0.371439,181,151
0.371601,182,151
0.371882,182,152
0.371951,181,152
0.372055,180,152
0.372107,179,152
0.372654,179,153
0.372804,178,153
0.37349,178,152
0.373499,177,152
0.373613,177,153
0.373808,176,153
0.374006,176,154
0.375089,177,154
0.375189,176,154
0.375342,175,154
0.375391,174,154
0.375557,173,154
0.375585,174,154
0.376047,174,155
0.376286,173,155
0.376297,174,155
0.376472,175,155
0.376527,174,155
0.37663,173,155
0.377085,172,155
0.377622,171,155
0.377771,170,155
0.377869,170,154
0.377972,171,154
0.378002,171,155
0.378662,172,155
0.378873,172,154
0.379102,171,154
0.379187,171,155
0.379388,171,156
0.379967,170,156
0.380121,169,156
0.380454,168,156
0.380744,168,157
0.380745,167,157
0.38117,167,156
0.381253,168,156
0.381268,167,156
0.381274,166,156
0.381398,165,156
0.382161,164,156
0.382219,165,156
0.382378,165,157
0.3829,164,157
0.382931,164,158
0.383049,164,159
0.383238,163,159
0.383363,163,158
0.384033,162,158
0.384297,162,159
0.384549,162,160
0.384678,162,161
0.384731,161,161
0.384894,162,161
0.385077,163,161
0.385751,162,161
0.385928,163,161
0.386194,164,161
0.386457,163,161
0.386504,163,162
0.387473,162,162
0.387711,161,162
0.387716,160,162
0.387893,159,162
0.387898,158,162
0.387932,158,161
0.387978,159,161
0.388572,158,161
0.38901,157,161
0.389091,157,162
0.389677,156,162
0.389897,155,162
0.389916,154,162
0.389927,153,162
0.389949,153,163
0.390013,152,163
0.390617,151,163
0.391679,152,163
0.392216,152,162
0.392341,152,161
0.392541,153,161
0.392702,152,161
0.392889,152,160
0.393048,151,160
0.393055,150,160
0.393131,149,160
0.393204,150,160
0.393685,149,160
0.39383,148,160
0.393949,148,161
0.394266,147,161
0.394501,146,161
0.394692,146,160
0.394849,146,161
0.395271,147,161
0.395414,147,160
0.395695,146,160
0.395847,146,159
0.396231,147,159
0.396251,146,159
0.396301,147,159
0.396552,148,159
0.396908,148,160
0.396917,147,160
0.396928,146,160
0.396943,145,160
0.39723,144,160
0.397549,144,161
0.397555,143,161
0.397691,142,161
0.397888,141,161
0.398423,140,161
0.398448,140,160
0.398475,139,160
0.398489,140,160
0.398707,141,160
0.398796,141,159
0.399415,140,159
0.399752,139,159
0.399853,139,160
0.400562,138,160
0.40107,137,160
0.401112,138,160
0.401548,138,161
0.401611,137,161
0.401823,136,161
0.402436,135,161
0.402883,135,160
0.402929,134,160
0.403468,133,160
0.40373,133,161
0.403984,132,161
0.404863,131,161
0.405869,131,162
0.406081,130,162
0.406423,129,162
0.406774,128,162
0.407276,128,161
0.407436,129,161
0.4086,128,161
0.408787,127,161
0.409501,126,161
0.410044,125,161
0.410099,124,161
0.410533,123,161
0.410727,122,161
0.411177,122,162
0.411559,122,161
0.411702,122,160
0.41172,122,159
0.41207,123,159
0.412088,122,159
0.412367,123,159
0.412536,122,159
0.413238,121,159
0.413306,120,159
0.413825,120,160
0.41458,119,160
0.414742,119,161
0.415172,118,161
0.415358,117,161
0.415379,116,161
0.416782,115,161
0.41689,114,161
0.417023,113,161
0.417429,112,161
0.417881,111,161
0.417909,112,161
0.418082,111,161
0.418264,111,160
0.418278,111,159
0.418367,110,159
0.418907,110,160
0.419015,111,160
0.419423,111,159
0.419485,110,159
0.419606,111,159
0.419629,110,159
0.420113,109,159
0.420353,108,159
0.420435,107,159
0.421119,107,158
0.421298,107,157
0.421431,106,157
0.421706,105,157
0.42271,104,157
0.422904,103,157
0.423356,104,157
0.423697,104,158
0.423729,105,158
0.424985,106,158
0.425746,105,158
0.425757,105,159
0.425869,105,158
0.426321,105,157
0.426525,105,156
0.427894,105,157
0.42838,106,157
0.428566,106,156
0.428628,105,156
0.431079,104,156
0.431284,104,157
0.431716,103,157
0.431766,102,157
0.431779,101,157
0.432295,101,156
0.432549,100,156
0.432641,99,156
0.433566,99,155
0.434208,98,155
0.434536,97,155
0.435931,96,155
0.436015,95,155
0.437367,94,155
0.437756,93,155
0.438462,93,156
0.438633,94,156
0.439122,93,156
0.439529,93,157
0.440118,92,157
0.440323,91,157
0.440352,92,157
0.440835,92,158
0.440985,91,158
0.441743,90,158
0.441825,89,158
0.441884,88,158
0.442647,89,158
0.442659,88,158
0.442907,87,158
0.442915,86,158
0.443137,86,157
0.443813,85,157
0.444954,85,156
0.445,84,156
0.445772,84,155
0.446282,83,155
0.44634,82,155
0.446382,81,155
0.44647,80,155
0.446643,79,155
0.446738,79,154
0.44689,78,154
0.447368,77,154
0.447487,77,153
0.447811,76,153
0.448249,76,152
0.449085,77,152
0.449146,77,151
0.449551,78,151
0.449556,77,151
0.449727,77,152
0.45001,76,152
0.450233,77,152
0.450363,76,152
0.450854,76,151
0.45109,75,151
0.451091,74,151
0.451104,74,152
0.451894,73,152
0.451969,72,152
0.452613,72,153
0.453005,71,153
0.453902,70,153
0.454463,71,153
0.454797,71,152
0.45506,71,151
0.455077,70,151
0.455956,69,151
0.456467,70,151
0.457428,71,151
0.457689,71,150
0.458355,70,150
0.458423,69,150
0.458718,68,150
0.459178,68,149
0.459827,68,150
0.459889,67,150
0.459935,67,149
0.45996,66,149
0.460264,66,148
0.461299,66,147
0.461614,66,148
0.462276,66,149
0.462695,65,149
0.462712,66,149
0.463348,66,148
0.465759,65,148
0.466271,64,148
0.466567,64,147
0.46724,63,147
0.467307,64,147
0.467662,64,146
0.469445,63,146
0.469863,63,145
0.471179,63,146
0.47293,62,146
0.47305,62,145
0.473276,62,144
0.474489,63,144
0.476143,62,144
0.476175,61,144
0.476794,61,145
0.477617,60,145
0.478841,59,145
0.478888,59,144
0.47895,58,144
0.479196,57,144
0.479693,57,143
0.481332,56,143
0.481558,55,143
0.482329,56,143
0.482635,57,143
0.482919,58,143
0.483212,57,143
0.484745,57,142
0.486633,56,142
0.487113,55,142
0.487863,55,143
0.489658,54,143
0.492123,53,143
0.492784,52,143
0.495618,52,144
0.495657,53,144
0.496394,52,144
0.496412,51,144
0.498187,51,143
0.498786,50,143
0.499229,50,142
0.499856,50,141
0.499876,49,141
0.499912,48,141
0.499976,48,140
0.500712,47,140
0.502209,46,140
0.502863,46,139
0.505223,45,139
0.509272,45,140
0.51057,44,140
0.512558,44,141
0.512692,43,141
0.513379,43,142
0.513393,43,141
0.513994,43,142
0.514635,42,142
0.51509,42,143
0.5162,41,143
0.516527,41,142
0.517003,41,141
0.518867,41,142
0.519209,40,142
0.51997,39,142
0.520461,39,141
0.520833,38,141
0.520994,38,140
0.521471,38,139
0.523533,37,139
0.523867,38,139
0.524125,38,138
0.524544,38,137
0.525311,37,137
0.526716,38,137
0.526908,37,137
0.527982,37,136
0.529273,36,136
0.529445,35,136
0.52988,35,137
0.531166,34,137
0.532262,33,137
0.532635,33,136
0.533706,33,137
0.536022,32,137
0.536565,33,137
0.536829,34,137
0.537411,34,136
0.538884,33,136
0.538962,32,136
0.541332,33,136
0.54136,33,135
0.543643,33,134
0.544035,34,134
0.545032,34,133
0.545371,33,133
0.546298,33,132
0.546991,33,131
0.54855,33,130
0.548642,34,130
0.549395,34,129
0.55109,33,129
0.552407,33,128
0.553148,32,128
0.553482,31,128
0.55364,31,129
0.554113,31,128
0.554151,30,128
0.55496,30,127
0.555009,29,127
0.557537,29,126
0.55841,29,127
0.559478,29,126
0.559892,29,125
0.559936,28,125
0.560226,29,125
0.560689,30,125
0.56231,29,125
0.563118,29,124
0.563712,28,124
0.56396,28,123
0.564741,29,123
0.564862,28,123
0.564988,27,123
0.565037,26,123
0.565595,25,123
0.567565,24,123
0.568909,24,122
0.568997,24,121
0.569159,23,121
0.570476,23,122
0.570522,23,121
0.57078,23,120
0.571894,23,119
0.573305,23,118
0.573629,23,117
0.575435,24,117
0.57623,24,116
0.576857,24,115
0.577169,25,115
0.578702,25,114
0.579407,26,114
0.580551,27,114
0.580924,28,114
0.580991,29,114
0.581878,30,114
0.582841,30,113
0.583708,30,112
0.585387,30,111
0.585516,29,111
0.586523,28,111
0.586658,27,111
0.591329,27,110
0.59469,26,110
0.597009,25,110
0.597752,26,110
0.59911,27,110
0.601541,27,109
0.60407,26,109
0.604154,26,108
0.60522,25,108
0.607038,25,107
0.607177,24,107
0.609574,24,106
0.610993,24,105
0.613419,23,105
0.619573,24,105
0.620148,23,105
0.622256,24,105
0.622969,24,104
0.623729,24,103
0.627363,24,102
0.630248,23,102
0.634414,24,102
0.635474,24,101
0.638534,24,100
0.63925,23,100
0.640452,22,100
0.643571,22,99
0.643796,22,98
0.644161,21,98
0.646772,21,97
0.646795,21,96
0.647319,20,96
0.65063,21,96
0.655769,21,95
0.656706,20,95
0.661522,20,94
0.661822,19,94
0.6632,18,94
0.666506,19,94
0.66818,18,94
0.668577,17,94
0.669355,16,94
0.673094,16,95
0.675824,15,95
0.678223,15,94
0.680635,15,93
0.680823,14,93
0.681777,14,92
0.685407,14,91
0.686118,14,90
0.687751,14,91
0.691617,15,91
0.692072,15,92
0.692338,15,91
0.693485,15,90
0.69414,16,90
0.695464,16,89
0.695672,16,90
0.696658,15,90
0.696903,15,89
0.697435,15,88
0.700658,15,89
0.70066,14,89
0.701079,14,88
0.701281,14,87
0.703702,14,86
0.706556,13,86
0.706728,14,86
0.708208,13,86
0.71116,13,85
0.711829,12,85
0.718887,12,84
0.72106,12,83
0.722255,12,82
0.722604,11,82
0.725396,11,81
0.728374,12,81
0.733851,13,81
0.738683,14,81
0.739612,14,80
0.745187,13,80
0.754589,13,79
0.755589,13,78
0.756042,13,77
0.757236,13,76
0.757251,14,76
0.759487,13,76
0.763894,12,76
0.767159,12,75
0.768456,12,74
0.768714,12,73
0.768778,12,72
0.774286,13,72
0.775914,12,72
0.776413,12,71
0.778715,12,70
0.780107,12,69
0.78326,13,69
0.78339,13,68
0.787349,13,67
0.787534,13,68
0.788113,12,68
0.788471,12,67
0.789073,12,66
0.794997,12,65
0.800723,12,64
0.803645,12,63
0.809452,13,63
0.810841,13,62
0.813098,14,62
0.816673,14,63
0.820199,14,62
0.82216,14,61
0.827031,15,61
0.833085,14,61
0.835618,14,62
0.838089,13,62
0.838446,13,61
0.843145,14,61
0.844673,14,60
0.852428,15,60
0.852864,15,59
0.854438,14,59
0.862278,13,59
0.865756,13,58
0.869859,13,57
0.87326,13,58
0.876897,12,58
0.876907,12,57
0.877061,12,56
0.877863,12,55
0.879853,12,54
0.885371,13,54
0.886125,13,53
0.895899,13,52
0.906403,12,52
0.90978,12,51
0.910584,13,51
0.913177,14,51
0.913595,14,50
0.913811,14,49
0.914937,14,48
0.917416,13,48
0.920003,13,49
0.923003,12,49
0.926676,12,48
0.931978,12,47
0.933158,12,48
0.935451,11,48
0.938012,12,48
0.939148,12,47
0.941052,12,46
0.94363,11,46
0.947094,10,46
0.948742,10,45
0.950838,10,44
0.956003,10,43
0.976725,10,42
0.9772,10,41
0.978742,10,40
0.983827,10,39
0.986198,11,39
0.989969,12,39
0.99019,12,38
0.990715,13,38
0.994218,13,37
1.000423,14,37
1.002412,13,37
1.014782,12,37
1.017106,12,36
1.020817,12,35
1.028182,12,34
1.032092,11,34
1.033822,11,33
1.039182,11,34
1.040434,11,33
1.045349,10,33
1.053324,10,32
1.053423,10,31
1.06703,10,30
1.068217,11,30
1.073812,12,30
1.081959,13,30
1.087373,13,29
1.088777,14,29
1.091357,14,28
1.09289,14,27
1.096166,15,27
1.099375,15,26
1.100276,14,26
1.105991,14,27
1.111028,13,27
1.115906,13,26
1.124744,13,25
1.138092,13,24
1.1382,13,23
1.154294,13,22
1.158872,13,21
1.159138,13,20
1.159516,14,20
1.163501,13,20
1.179263,13,19
1.19397,13,18
1.201654,14,18
1.202484,14,17
1.204165,15,17
1.237525,15,16
1.25067,14,16
1.257459,14,15
1.257962,13,15
1.260468,14,15
1.269609,15,15
1.273868,16,15
1.280199,15,15
1.287063,14,15
1.293229,15,15
1.299004,15,14
1.312591,15,13
1.314003,14,13
1.324088,14,12
1.324307,14,11
1.333385,15,11
1.355013,16,11
1.359297,16,10
1.365428,15,10
1.38146,15,9
1.389353,16,9
1.392456,16,8
1.402679,16,7
1.421914,17,7
1.439393,17,6
1.440872,17,5
1.444104,18,5
1.455846,19,5
1.458265,19,4
1.458541,20,4
1.466709,21,4
1.46877,21,3
1.502686,22,3
1.521928,23,3
1.522023,24,3
1.540059,25,3
1.546942,26,3
1.549814,27,3
1.553508,28,3
1.570073,29,3
1.575099,30,3
1.598321,30,2
1.600501,30,1
1.607389,29,1
1.61303,30,1
1.614493,31,1
1.635692,32,1
1.638363,33,1
1.63882,34,1
1.65613,35,1
1.663526,36,1
1.66972,37,1
1.672756,38,1
1.674879,37,1
1.676519,38,1
1.689172,39,1
1.695589,40,1
1.697199,41,1
1.718786,42,1
1.720187,43,1
1.728791,44,1
1.736041,45,1
1.737207,46,1
1.74993,47,1
1.752955,48,1
1.754796,49,1
1.763979,50,1
1.764125,51,1
1.767194,52,1
1.778962,53,1
1.784112,54,1
1.787777,55,1
1.793457,56,1
1.794829,57,1
1.800511,58,1
1.80947,59,1
1.810483,60,1
1.812808,61,1
1.813886,62,1
1.817394,63,1
1.822279,64,1
1.831118,65,1
1.836978,66,1
1.841693,67,1
1.84571,68,1
1.856987,69,1
1.857193,70,1
1.858591,71,1
1.860911,72,1
1.863094,73,1
1.867088,74,1
1.869146,75,1
1.87018,74,1
1.87047,75,1
1.875711,76,1
1.877966,77,1
1.883389,78,1
1.886695,79,1
1.889356,80,1
1.89574,81,1
1.89608,82,1
1.896918,83,1
1.89904,84,1
1.899474,85,1
1.899662,86,1
1.900883,87,1
1.906287,88,1
1.907923,89,1
1.911963,90,1
1.914212,91,1
1.915925,92,1
1.917298,93,1
1.91739,94,1
1.919824,95,1
1.920175,96,1
1.920961,97,1
