0,10000,20,1
1,10088.34058,19.998975,0.951682
2,10177.37051,20.016165,0.905677
3,10267.09169,20.051732,0.861877
4,10357.50591,20.105891,0.820178
5,10448.61488,20.178911,0.78048
6,10540.42021,20.271119,0.742689
7,10632.92337,20.382897,0.706715
8,10726.12571,20.514688,0.672472
9,10820.02844,20.667001,0.639877
10,10914.63264,20.840406,0.608852
11,11009.9392,21.035547,0.579323
12,11105.94885,21.253139,0.551218
13,11202.66214,21.493975,0.524469
14,11300.07941,21.758931,0.499012
15,11398.20078,22.048969,0.474785
16,11497.02614,22.365147,0.451728
17,11596.55512,22.70862,0.429787
18,11696.7871,23.080652,0.408906
19,11797.72113,23.482621,0.389036
20,11899.35597,23.916028,0.370129
21,12001.69002,24.382507,0.352136
22,12104.72134,24.883836,0.335016
23,12208.44755,25.421945,0.318725
24,12312.86587,25.998934,0.303224
25,12417.97305,26.617082,0.288475
26,12523.76533,27.278867,0.274441
27,12630.2384,27.986976,0.261088
28,12737.38737,28.74433,0.248383
29,12845.20673,29.554101,0.236295
30,12953.69024,30.419735,0.224794
31,13062.83093,31.344977,0.213851
32,13172.62103,32.333896,0.20344
33,13283.05187,33.390919,0.193535
34,13394.11382,34.52086,0.184112
35,13505.79622,35.728958,0.175146
36,13618.08726,37.020916,0.166616
37,13730.9739,38.402948,0.158501
38,13844.44176,39.881824,0.150781
39,13958.47499,41.464928,0.143436
40,14073.05614,43.160315,0.136448
41,14188.16599,44.976777,0.1298
42,14303.78344,46.923919,0.123476
43,14419.88528,49.012236,0.11746
44,14536.44602,51.253204,0.111736
45,14653.43767,53.659382,0.106291
46,14770.82951,56.244516,0.101111
47,14888.58778,59.023667,0.096184
48,15006.67545,62.013339,0.091496
49,15125.05186,65.231636,0.087036
50,15243.67239,68.698421,0.082794
51,15362.48802,72.4355,0.078758
52,15481.44495,76.466829,0.074919
53,15600.4841,80.818736,0.071267
54,15719.54055,85.520169,0.067793
55,15838.543,90.602975,0.064488
56,15957.4131,96.1022,0.061344
57,16076.06471,102.056429,0.058353
58,16194.40316,108.508157,0.055508
59,16312.32433,115.504199,0.052802
60,16429.71373,123.09614,0.050227
61,16546.44539,131.340832,0.047778
62,16662.38072,140.30094,0.045449
63,16777.36726,150.045534,0.043232
64,16891.2372,160.650746,0.041124
65,17003.80591,172.200469,0.039119
66,17114.87022,184.787129,0.037211
67,17224.20658,198.512514,0.035397
68,17331.56911,213.488652,0.033671
69,17436.68743,229.838764,0.032029
70,17539.26433,247.698253,0.030467
71,17638.97335,267.215751,0.028981
72,17735.45609,288.554189,0.027567
73,17828.31948,311.891891,0.026223
74,17917.1329,337.423647,0.024944
75,18001.42521,365.361761,0.023728
76,18080.68172,395.936998,0.02257
77,18154.34126,429.399411,0.021469
78,18221.79329,466.018943,0.020422
79,18282.37529,506.085752,0.019426
80,18335.37043,549.910132,0.018479
81,18380.00592,597.821912,0.017578
82,18415.45196,650.169192,0.01672
83,18440.82172,707.316231,0.015905
84,18455.1727,769.640306,0.015129
85,18457.50957,837.527322,0.014391
86,18446.78907,911.36595,0.013689
87,18421.92729,991.540063,0.013021
88,18381.80976,1078.41925,0.012386
89,18325.30467,1172.347225,0.011782
90,18251.27978,1273.627995,0.011207
91,18158.62302,1382.509768,0.010661
92,18046.26723,1499.166682,0.010141
93,17913.21876,1623.678635,0.009646
94,17758.58981,1756.009703,0.009176
95,17581.63373,1895.98589,0.008728
96,17381.78254,2043.273224,0.008302
97,17158.68503,2197.357499,0.007897
98,16912.24397,2357.527203,0.007512
99,16642.65002,2522.861344,0.007146
100,16350.4103,2692.223935,0.006797
101,16036.36897,2864.266813,0.006466
102,15701.71755,3037.44215,0.00615
103,15347.99324,3210.025523,0.00585
104,14977.06362,3380.149702,0.005565
105,14591.09752,3545.848499,0.005293
106,14192.52253,3705.109103,0.005035
107,13783.97063,3855.930487,0.004789
108,13368.21466,3996.384759,0.004556
109,12948.09881,4124.677914,0.004334
110,12526.46711,4239.206331,0.004122
111,12106.09372,4338.60562,0.003921
112,11689.61874,4421.789026,0.00373
113,11279.49274,4487.97345,0.003548
114,10877.93208,4536.692136,0.003375
115,10486.88657,4567.794123,0.00321
116,10108.01954,4581.431465,0.003054
117,9742.700094,4578.035981,0.002905
118,9392.006004,4558.287798,0.002763
119,9056.735806,4523.07818,0.002628
120,8737.427929,4473.469152,0.0025
121,8434.384919,4410.652227,0.002378
122,8147.700787,4335.908207,0.002262
123,7877.28978,4250.569625,0.002152
124,7622.915155,4155.986952,0.002047
125,7384.216839,4053.499272,0.001947
126,7160.737187,3944.409769,0.001852
127,6951.94431,3829.966036,0.001762
128,6757.252706,3711.345021,0.001676
129,6576.041093,3589.642216,0.001594
130,6407.667502,3465.864639,0.001516
131,6251.481797,3340.92705,0.001442
132,6106.83582,3215.6509,0.001372
133,5973.091438,3090.765461,0.001305
134,5849.626745,2966.910678,0.001241
135,5735.840696,2844.641307,0.001181
136,5631.156408,2724.431968,0.001123
137,5535.023367,2606.682786,0.001068
138,5446.918754,2491.725381,0.001016
139,5366.348037,2379.828981,0.000967
140,5292.845025,2271.20649,0.000919
141,5225.971474,2166.020409,0.000875
142,5165.316383,2064.388493,0.000832
143,5110.495046,1966.389093,0.000791
144,5061.147948,1872.066145,0.000753
145,5016.939555,1781.433778,0.000716
146,4977.557041,1694.480527,0.000681
147,4942.708996,1611.173173,0.000648
148,4912.124134,1531.460195,0.000616
149,4885.550024,1455.27487,0.000586
150,4862.751862,1382.538033,0.000558
151,4843.511285,1313.16052,0.00053
152,4827.625246,1247.045314,0.000505
153,4814.904946,1184.089432,0.00048
154,4805.174826,1124.185556,0.000457
155,4798.271622,1067.223451,0.000434
156,4794.043479,1013.09118,0.000413
157,4792.349128,961.676139,0.000393
158,4793.057117,912.865936,0.000374
159,4796.045097,866.549128,0.000356
160,4801.199159,822.615832,0.000338
161,4808.413224,780.958228,0.000322
162,4817.588472,741.470965,0.000306
163,4828.632818,704.051482,0.000291
164,4841.460427,668.600264,0.000277
165,4855.991265,635.021022,0.000263
166,4872.150688,603.220835,0.000251
167,4889.869053,573.110228,0.000238
168,4909.08137,544.60323,0.000227
169,4929.726974,517.617384,0.000216
170,4951.74922,492.073736,0.000205
171,4975.095211,467.8968,0.000195
172,4999.715534,445.014504,0.000186
173,5025.564025,423.358121,0.000177
174,5052.597547,402.862186,0.000168
175,5080.775788,383.464403,0.00016
176,5110.061068,365.105553,0.000152
177,5140.418169,347.729381,0.000145
178,5171.814171,331.282494,0.000137
179,5204.218297,315.71425,0.000131
180,5237.601782,300.976645,0.000124
181,5271.937737,287.024204,0.000118
182,5307.20103,273.813867,0.000113
183,5343.368175,261.304884,0.000107
184,5380.417228,249.458707,0.000102
185,5418.327689,238.238884,0.000097
186,5457.080415,227.610955,0.000092
187,5496.65753,217.542359,0.000088
188,5537.042355,208.002334,0.000083
189,5578.219328,198.961828,0.000079
190,5620.173938,190.393405,0.000075
191,5662.892666,182.271168,0.000072
192,5706.362917,174.57067,0.000068
193,5750.572973,167.268841,0.000065
194,5795.511937,160.34391,0.000062
195,5841.169682,153.775339,0.000059
196,5887.536812,147.54375,0.000056
197,5934.604615,141.630864,0.000053
198,5982.365024,136.01944,0.000051
199,6030.810579,130.693215,0.000048
200,6079.934394,125.63685,0.000046
201,6129.730123,120.835881,0.000044
202,6180.191928,116.276664,0.000041
203,6231.31445,111.946333,0.000039
204,6283.092785,107.832755,0.000037
205,6335.522453,103.924487,0.000036
206,6388.59938,100.210736,0.000034
207,6442.31987,96.681325,0.000032
208,6496.680584,93.326655,0.000031
209,6551.678523,90.137675,0.000029
210,6607.311007,87.105845,0.000028
211,6663.575657,84.223115,0.000026
212,6720.470377,81.48189,0.000025
213,6777.993339,78.875007,0.000024
214,6836.142969,76.39571,0.000023
215,6894.917928,74.037629,0.000022
216,6954.317104,71.794754,0.000021
217,7014.339596,69.661417,0.00002
218,7074.984699,67.632275,0.000019
219,7136.251899,65.702285,0.000018
220,7198.140855,63.866696,0.000017
221,7260.651393,62.121025,0.000016
222,7323.783492,60.461048,0.000015
223,7387.537277,58.882782,0.000014
224,7451.91301,57.382472,0.000014
225,7516.911078,55.956582,0.000013
226,7582.531987,54.60178,0.000012
227,7648.776353,53.314927,0.000012
228,7715.644893,52.093068,0.000011
229,7783.138419,50.933424,0.000011
230,7851.257829,49.83338,0.00001
231,7920.004101,48.790477,0.00001
232,7989.378285,47.802406,0.000009
233,8059.381496,46.866999,0.000009
234,8130.014907,45.982224,0.000008
235,8201.279744,45.146176,0.000008
236,8273.177279,44.357073,0.000008
237,8345.708821,43.613251,0.000007
238,8418.875713,42.913156,0.000007
239,8492.679324,42.255343,0.000007
240,8567.121042,41.638469,0.000006
241,8642.20227,41.06129,0.000006
242,8717.924418,40.522657,0.000006
243,8794.288894,40.021515,0.000005
244,8871.297106,39.556896,0.000005
245,8948.950445,39.12792,0.000005
246,9027.250285,38.733788,0.000005
247,9106.197975,38.373788,0.000004
248,9185.794831,38.047284,0.000004
249,9266.042129,37.75372,0.000004
250,9346.941099,37.49262,0.000004
251,9428.492916,37.263581,0.000004
252,9510.698694,37.066279,0.000003
253,9593.559473,36.900464,0.000003
254,9677.076218,36.765964,0.000003
255,9761.249804,36.66268,0.000003
256,9846.081009,36.590593,0.000003
257,9931.570505,36.54976,0.000003
258,10017.71885,36.540316,0.000003
259,10104.52646,36.562478,0.000002
260,10191.99363,36.616545,0.000002
261,10280.12049,36.702901,0.000002
262,10368.90702,36.822014,0.000002
263,10458.35301,36.974448,0.000002
264,10548.45806,37.160856,0.000002
265,10639.22156,37.381992,0.000002
266,10730.64269,37.63871,0.000002
267,10822.72036,37.931974,0.000002
268,10915.45325,38.26286,0.000002
269,11008.83975,38.632562,0.000001
270,11102.87794,39.042402,0.000001
271,11197.56557,39.493835,0.000001
272,11292.90006,39.988456,0.000001
273,11388.87845,40.528016,0.000001
274,11485.49735,41.114422,0.000001
275,11582.75296,41.749758,0.000001
276,11680.641,42.436289,0.000001
277,11779.15668,43.17648,0.000001
278,11878.29468,43.973009,0.000001
279,11978.04907,44.828782,0.000001
280,12078.41331,45.74695,0.000001
281,12179.38016,46.730931,0.000001
282,12280.94165,47.784429,0.000001
283,12383.08901,48.911457,0.000001
284,12485.81263,50.116365,0.000001
285,12589.10195,51.403863,0.000001
286,12692.94543,52.779055,0.000001
287,12797.33044,54.247471,0.000001
288,12902.24317,55.815104,0.000001
289,13007.66856,57.488447,0.000001
290,13113.59016,59.274543,0.000001
291,13219.99005,61.181025,0
292,13326.8487,63.216176,0
293,13434.14482,65.388981,0
294,13541.85524,67.709193,0
295,13649.95473,70.187401,0
296,13758.41583,72.835109,0
297,13867.20863,75.664815,0
298,13976.30061,78.690106,0
299,14085.65637,81.925756,0
300,14195.23739,85.387838,0
301,14305.00175,89.093842,0
302,14414.90383,93.062812,0
303,14524.89397,97.315484,0
304,14634.91813,101.874451,0
305,14744.91747,106.764334,0
306,14854.82795,112.011969,0
307,14964.57981,117.646622,0
308,15074.09711,123.700207,0
309,15183.2971,130.207537,0
310,15292.08969,137.206595,0
311,15400.3767,144.73882,0
312,15508.05119,152.849431,0
313,15614.99662,161.587763,0
314,15721.08605,171.007641,0
315,15826.18116,181.167778,0
316,15930.13124,192.132198,0
317,16032.77216,203.970696,0
318,16133.92514,216.759315,0
319,16233.39554,230.580859,0
320,16330.97153,245.525424,0
321,16426.42264,261.690953,0
322,16519.4983,279.183798,0
323,16609.92626,298.119296,0
324,16697.41096,318.622335,0
325,16781.63186,340.827901,0
326,16862.24173,364.881594,0
327,16938.86497,390.940077,0
328,17011.09589,419.171443,0
329,17078.49718,449.755461,0
330,17140.5984,482.883656,0
331,17196.89477,518.759181,0
332,17246.84616,557.596415,0
333,17289.87653,599.620229,0
334,17325.37387,645.064835,0
335,17352.69067,694.172134,0
336,17371.14534,747.189478,0
337,17380.02444,804.366734,0
338,17378.5861,865.952553,0
339,17366.06478,932.18975,0
340,17341.67752,1003.309687,0
341,17304.63192,1079.525604,0
342,17254.13595,1161.024839,0
343,17189.40975,1247.95993,0
344,17109.69962,1340.43867,0
345,17014.29386,1438.513209,0
346,16902.54074,1542.168447,0
347,16773.86808,1651.310001,0
348,16627.80413,1765.752206,0
349,16463.99929,1885.206655,0
350,16282.24775,2009.271966,0
351,16082.50839,2137.425477,0
352,15864.92367,2269.01769,0
353,15629.83568,2403.270247,0
354,15377.7979,2539.278183,0
355,15109.5819,2676.017044,0
356,14826.17775,2812.35529,0
357,14528.78776,2947.072067,0
358,14218.81292,3078.880129,0
359,13897.83235,3206.4533,0
360,13567.57614,3328.45751,0
361,13229.89248,3443.584111,0
362,12886.71064,3550.583915,0
363,12540.00114,3648.300315,0
364,12191.73513,3735.699794,0
365,11843.84476,3811.89832,0
366,11498.18622,3876.182353,0
367,11156.50697,3928.023575,0
368,10820.41837,3967.08687,0
369,10491.3743,3993.231504,0
370,10170.65628,4006.505877,0
371,9859.364914,4007.136557,0
372,9558.41736,3995.512556,0
373,9268.550041,3972.165979,0
374,8990.325906,3937.750217,0
375,8724.14522,3893.01685,0
376,8470.258974,3838.792306,0
377,8228.784002,3775.955185,0
378,7999.71901,3705.414973,0
379,7782.960804,3628.092688,0
380,7578.320176,3544.903814,0
381,7385.536999,3456.743716,0
382,7204.294238,3364.475593,0
383,7034.230676,3268.9209,0
384,6874.952254,3170.852103,0
385,6726.042,3070.987554,0
386,6587.068568,2969.988262,0
387,6457.593466,2868.456281,0
388,6337.17707,2766.934475,0
389,6225.383534,2665.907407,0
390,6121.784722,2565.803115,0
391,6025.963279,2466.99558,0
392,5937.514969,2369.80768,0
393,5856.050378,2274.514497,0
394,5781.196086,2181.346823,0
395,5712.595414,2090.494765,0
396,5649.908797,2002.111358,0
397,5592.813882,1916.316112,0
398,5541.005394,1833.198446,0
399,5494.194818,1752.820963,0
400,5452.109958,1675.222544,0
401,5414.494388,1600.421238,0
402,5381.106837,1528.416945,0
403,5351.720526,1459.193881,0
404,5326.122482,1392.722833,0
405,5304.112835,1328.963204,0
406,5285.504116,1267.864862,0
407,5270.120569,1209.369799,0
408,5257.797476,1153.413606,0
409,5248.380503,1099.926796,0
410,5241.725068,1048.835957,0
411,5237.69575,1000.064776,0
412,5236.165704,953.534929,0
413,5237.016133,909.166856,0
414,5240.135762,866.88043,0
415,5245.420365,826.595525,0
416,5252.772307,788.232511,0
417,5262.100115,751.712657,0
418,5273.318084,716.958482,0
419,5286.345896,683.894032,0
420,5301.108278,652.445115,0
421,5317.534668,622.539481,0
422,5335.558913,594.106969,0
423,5355.118985,567.079613,0
424,5376.156713,541.391719,0
425,5398.617538,516.979914,0
426,5422.450279,493.783179,0
427,5447.606922,471.742852,0
428,5474.042413,450.802624,0
429,5501.714479,430.908516,0
430,5530.583445,412.008844,0
431,5560.612078,394.054181,0
432,5591.76543,376.997303,0
433,5624.010703,360.793133,0
434,5657.317108,345.398682,0
435,5691.655751,330.772984,0
436,5726.999511,316.877025,0
437,5763.322934,303.673678,0
438,5800.602136,291.127633,0
439,5838.814703,279.205323,0
440,5877.939607,267.874857,0
441,5917.957125,257.105949,0
442,5958.848758,246.869847,0
443,6000.59716,237.139272,0
444,6043.186074,227.888344,0
445,6086.600263,219.092524,0
446,6130.825455,210.728547,0
447,6175.848285,202.774364,0
448,6221.656244,195.209084,0
449,6268.237628,188.012915,0
450,6315.581494,181.167112,0
451,6363.677615,174.653925,0
452,6412.516441,168.456546,0
453,6462.089057,162.559066,0
454,6512.387152,156.946426,0
455,6563.402978,151.604374,0
456,6615.129325,146.519422,0
457,6667.559487,141.678809,0
458,6720.687232,137.070462,0
459,6774.506777,132.682961,0
460,6829.012764,128.505502,0
461,6884.200231,124.527866,0
462,6940.064594,120.740391,0
463,6996.601622,117.133939,0
464,7053.807417,113.699871,0
465,7111.678395,110.430017,0
466,7170.211268,107.316657,0
467,7229.403025,104.352492,0
468,7289.250915,101.530626,0
469,7349.752431,98.844543,0
470,7410.905297,96.288086,0
471,7472.70745,93.855443,0
472,7535.157026,91.541123,0
473,7598.252351,89.339944,0
474,7661.991921,87.247018,0
475,7726.374396,85.257731,0
476,7791.398583,83.367735,0
477,7857.063428,81.572932,0
478,7923.368002,79.869462,0
479,7990.311491,78.253691,0
480,8057.893187,76.722204,0
481,8126.112474,75.27179,0
482,8194.96882,73.899434,0
483,8264.461769,72.602311,0
484,8334.590926,71.377774,0
485,8405.355951,70.223349,0
486,8476.756551,69.136728,0
487,8548.792463,68.115761,0
488,8621.463454,67.158449,0
489,8694.769303,66.262942,0
490,8768.7098,65.427533,0
491,8843.284726,64.650651,0
492,8918.493853,63.930857,0
493,8994.336929,63.266846,0
494,9070.813668,62.657436,0
495,9147.92374,62.10157,0
496,9225.666765,61.598313,0
497,9304.042294,61.146848,0
498,9383.049805,60.746476,0
499,9462.688689,60.396617,0
500,9542.958235,60.096804,0
501,9623.857625,59.846688,0
502,9705.385915,59.646034,0
503,9787.542022,59.494723,0
504,9870.324714,59.392757,0
505,9953.732591,59.340253,0
506,10037.76407,59.33745,0
507,10122.41738,59.38471,0
508,10207.69052,59.482523,0
509,10293.58126,59.631506,0
510,10380.08712,59.832411,0
511,10467.20536,60.086129,0
512,10554.93291,60.393693,0
513,10643.26643,60.756288,0
514,10732.20219,61.175253,0
515,10821.73613,61.652092,0
516,10911.86377,62.18848,0
517,11002.58021,62.786276,0
518,11093.8801,63.447527,0
519,11185.75758,64.174484,0
520,11278.20628,64.969612,0
521,11371.21925,65.835604,0
522,11464.78892,66.775396,0
523,11558.90709,67.792181,0
524,11653.56484,68.88943,0
525,11748.75247,70.070908,0
526,11844.4595,71.340696,0
527,11940.67455,72.703213,0
528,12037.38531,74.163244,0
529,12134.57845,75.725961,0
530,12232.23956,77.396959,0
531,12330.35302,79.182283,0
532,12428.90199,81.088467,0
533,12527.86824,83.122567,0
534,12627.23209,85.29221,0
535,12726.97227,87.60563,0
536,12827.06579,90.071727,0
537,12927.48786,92.70011,0
538,13028.21168,95.501166,0
539,13129.2083,98.486113,0
540,13230.44649,101.667077,0
541,13331.89251,105.057163,0
542,13433.50992,108.670535,0
543,13535.25939,112.52251,0
544,13637.09843,116.629647,0
545,13738.98114,121.009856,0
546,13840.85798,125.682507,0
547,13942.67541,130.668558,0
548,14044.37561,135.990679,0
549,14145.89611,141.673402,0
550,14247.16941,147.743273,0
551,14348.12261,154.229014,0
552,14448.6769,161.16171,0
553,14548.74717,168.574993,0
554,14648.24144,176.505253,0
555,14747.06031,184.991852,0
556,14845.0964,194.077364,0
557,14942.23373,203.80782,0
558,15038.34698,214.232966,0
559,15133.30084,225.406545,0
560,15226.94921,237.386579,0
561,15319.13441,250.235669,0
562,15409.6863,264.021299,0
563,15498.42143,278.816151,0
564,15585.14207,294.698413,0
565,15669.63526,311.75209,0
566,15751.67181,330.067299,0
567,15831.00534,349.740548,0
568,15907.3712,370.87498,0
569,15980.48554,393.580581,0
570,16050.0443,417.974325,0
571,16115.72233,444.180246,0
572,16177.17259,472.329404,0
573,16234.02544,502.559742,0
574,16285.88812,535.015778,0
575,16332.34445,569.848119,0
576,16372.95483,607.212749,0
577,16407.25653,647.270059,0
578,16434.76444,690.183565,0
579,16454.97233,736.118277,0
580,16467.35463,785.238662,0
581,16471.369,837.706163,0
582,16466.45956,893.676217,0
583,16452.06108,953.294753,0
584,16427.6041,1016.694116,0
585,16392.52107,1083.988427,0
586,16346.25358,1155.268377,0
587,16288.26077,1230.595483,0
588,16218.02878,1309.995885,0
589,16135.08125,1393.453779,0
590,16038.99085,1480.904647,0
591,15929.39149,1572.228473,0
592,15805.99106,1667.243202,0
593,15668.58434,1765.698743,0
594,15517.06568,1867.271837,0
595,15351.44106,1971.562188,0
596,15171.83874,2078.090215,0
597,14978.51836,2186.296808,0
598,14771.87748,2295.545424,0
599,14552.45538,2405.126785,0
600,14320.93353,2514.266348,0
601,14078.13232,2622.134587,0
602,13825.00404,2727.859979,0
603,13562.62189,2830.544408,0
604,13292.16546,2929.280567,0
605,13014.90274,3023.170756,0
606,12732.16959,3111.346372,0
607,12445.34714,3192.987314,0
608,12155.83805,3267.34047,0
609,11865.04256,3333.736514,0
610,11574.33522,3391.604305,0
611,11285.04304,3440.482313,0
612,10998.42598,3480.026662,0
613,10715.66014,3510.015588,0
614,10437.82421,3530.350269,0
615,10165.88935,3541.052206,0
616,9900.712489,3542.257457,0
617,9643.032948,3534.208188,0
618,9393.472161,3517.242051,0
619,9152.536067,3491.779977,0
620,8920.619799,3458.312955,0
621,8698.014182,3417.388358,0
622,8484.913588,3369.596299,0
623,8281.424726,3315.556457,0
624,8087.575937,3255.905716,0
625,7903.326684,3191.286861,0
626,7728.576924,3122.338529,0
627,7563.176142,3049.686495,0
628,7406.931879,2973.936349,0
629,7259.617623,2895.667523,0
630,7120.980003,2815.428626,0
631,6990.745232,2733.733983,0
632,6868.624807,2651.061264,0
633,6754.320476,2567.850087,0
634,6647.528511,2484.501448,0
635,6547.94333,2401.377871,0
636,6455.260522,2318.804132,0
637,6369.179344,2237.068449,0
638,6289.404731,2156.424048,0
639,6215.648889,2077.090986,0
640,6147.632528,1999.258172,0
641,6085.085777,1923.085495,0
642,6027.748831,1848.706029,0
643,5975.372377,1776.228234,0
644,5927.717833,1705.738141,0
645,5884.557433,1637.301473,0
646,5845.674186,1570.965687,0
647,5810.86174,1506.761919,0
648,5779.92416,1444.70682,0
649,5752.675654,1384.804265,0
650,5728.940249,1327.046958,0
651,5708.551438,1271.417894,0
652,5691.3518,1217.891717,0
653,5677.192616,1166.43595,0
654,5665.933467,1117.012114,0
655,5657.441842,1069.576739,0
656,5651.592743,1024.082273,0
657,5648.268301,980.477891,0
658,5647.357402,938.710223,0
659,5648.755319,898.72399,0
660,5652.363366,860.46257,0
661,5658.088561,823.868493,0
662,5665.843303,788.883871,0
663,5675.545068,755.45077,0
664,5687.116114,723.511535,0
665,5700.483209,693.009061,0
666,5715.577368,663.887029,0
667,5732.333603,636.090093,0
668,5750.690692,609.564052,0
669,5770.590959,584.255971,0
670,5791.980062,560.114294,0
671,5814.806803,537.088919,0
672,5839.022941,515.131266,0
673,5864.583018,494.194318,0
674,5891.444197,474.23265,0
675,5919.566111,455.202443,0
676,5948.910716,437.06149,0
677,5979.442157,419.769189,0
678,6011.126641,403.28653,0
679,6043.93232,387.57607,0
680,6077.829172,372.601914,0
681,6112.788906,358.329673,0
682,6148.784852,344.726436,0
683,6185.791877,331.76073,0
684,6223.786293,319.402477,0
685,6262.745774,307.622951,0
686,6302.64928,296.394737,0
687,6343.476986,285.691685,0
688,6385.210211,275.48886,0
689,6427.831352,265.762507,0
690,6471.323828,256.489994,0
691,6515.672018,247.649777,0
692,6560.86121,239.221351,0
693,6606.87755,231.185207,0
694,6653.70799,223.522791,0
695,6701.340247,216.216465,0
696,6749.762761,209.249461,0
697,6798.964648,202.605849,0
698,6848.935669,196.270494,0
699,6899.666189,190.229024,0
700,6951.147146,184.467792,0
701,7003.370014,178.973844,0
702,7056.326778,173.734884,0
703,7110.009899,168.73925,0
704,7164.412291,163.975876,0
705,7219.527291,159.434268,0
706,7275.348634,155.104478,0
707,7331.870434,150.977073,0
708,7389.087154,147.043117,0
709,7446.993588,143.294142,0
710,7505.584842,139.72213,0
711,7564.856308,136.319487,0
712,7624.803651,133.079028,0
713,7685.422787,129.993954,0
714,7746.709867,127.057835,0
715,7808.661259,124.264594,0
716,7871.273531,121.608488,0
717,7934.543437,119.084098,0
718,7998.467901,116.686307,0
719,8063.043998,114.410292,0
720,8128.268946,112.251512,0
721,8194.140088,110.205688,0
722,8260.654877,108.268804,0
723,8327.810864,106.437083,0
724,8395.605686,104.706988,0
725,8464.037048,103.075207,0
726,8533.102715,101.538646,0
727,8602.800494,100.094421,0
728,8673.128227,98.739852,0
729,8744.08377,97.472451,0
730,8815.664987,96.289924,0
731,8887.869733,95.190159,0
732,8960.695841,94.171224,0
733,9034.141109,93.231361,0
734,9108.203288,92.368982,0
735,9182.880063,91.582667,0
736,9258.169046,90.871162,0
737,9334.067752,90.233372,0
738,9410.573594,89.668363,0
739,9487.68386,89.175362,0
740,9565.395699,88.753751,0
741,9643.706105,88.403071,0
742,9722.611899,88.123021,0
743,9802.10971,87.91346,0
744,9882.19596,87.774405,0
745,9962.866836,87.706037,0
746,10044.11828,87.708702,0
747,10125.94595,87.782912,0
748,10208.34523,87.929355,0
749,10291.31116,88.148892,0
750,10374.83844,88.442568,0
751,10458.92141,88.811615,0
752,10543.554,89.25746,0
753,10628.7297,89.781734,0
754,10714.44153,90.386276,0
755,10800.68204,91.07315,0
756,10887.44322,91.844647,0
757,10974.71647,92.703303,0
758,11062.49261,93.651911,0
759,11150.76177,94.693529,0
760,11239.51338,95.831505,0
761,11328.7361,97.069486,0
762,11418.41777,98.411438,0
763,11508.54539,99.861668,0
764,11599.10497,101.424844,0
765,11690.08156,103.106018,0
766,11781.4591,104.910653,0
767,11873.2204,106.844648,0
768,11965.34702,108.914371,0
769,12057.81919,111.126689,0
770,12150.61574,113.489004,0
771,12243.71394,116.009292,0
772,12337.08944,118.696142,0
773,12430.71615,121.558801,0
774,12524.56608,124.607224,0
775,12618.60921,127.852123,0
776,12712.81337,131.305023,0
777,12807.14405,134.978325,0
778,12901.56426,138.885368,0
779,12996.0343,143.040499,0
780,13090.51162,147.45915,0
781,13184.95055,152.157917,0
782,13279.30212,157.154646,0
783,13373.5138,162.468527,0
784,13467.52923,168.120193,0
785,13561.28795,174.131825,0
786,13654.72508,180.527263,0
787,13747.77103,187.332132,0
788,13840.35116,194.573961,0
789,13932.38537,202.282326,0
790,14023.78776,210.488986,0
791,14114.46619,219.228032,0
792,14204.32185,228.536049,0
793,14293.24882,238.45227,0
794,14381.13353,249.018751,0
795,14467.85432,260.280538,0
796,14553.28083,272.285844,0
797,14637.27351,285.086227,0
798,14719.683,298.736762,0
799,14800.34953,313.296216,0
800,14879.10237,328.827206,0
801,14955.75914,345.396357,0
802,15030.12525,363.07443,0
803,15101.99326,381.936436,0
804,15171.14231,402.061713,0
805,15237.33755,423.533963,0
806,15300.32962,446.441242,0
807,15359.8542,470.875883,0
808,15415.63165,496.934345,0
809,15467.36675,524.716971,0
810,15514.74857,554.327636,0
811,15557.4505,585.873264,0
812,15595.13052,619.463203,0
813,15627.43168,655.208426,0
814,15653.98286,693.220536,0
815,15674.3999,733.610557,0
816,15688.28703,776.487485,0
817,15695.23883,821.956572,0
818,15694.84258,870.117335,0
819,15686.6812,921.061263,0
820,15670.33667,974.869221,0
821,15645.39416,1031.60855,0
822,15611.44667,1091.329869,0
823,15568.1004,1154.063608,0
824,15514.98066,1219.816316,0
825,15451.73844,1288.566785,0
826,15378.05743,1360.262101,0
827,15293.66152,1434.813693,0
828,15198.32258,1512.093529,0
829,15091.86837,1591.930592,0
830,14974.19044,1674.107816,0
831,14845.25162,1758.359645,0
832,14705.09302,1844.370431,0
833,14553.84023,1931.773834,0
834,14391.70827,2020.153417,0
835,14219.0052,2109.044583,0
836,14036.13401,2197.937972,0
837,13843.59266,2286.284369,0
838,13641.97198,2373.501147,0
839,13431.95144,2458.980155,0
840,13214.29275,2542.09691,0
841,12989.83138,2622.220884,0
842,12759.46615,2698.726575,0
843,12524.14721,2771.00503,0
844,12284.86271,2838.475419,0
845,12042.62463,2900.596258,0
846,11798.45415,2956.875867,0
847,11553.36712,3006.881686,0
848,11308.35997,3050.248129,0
849,11064.39657,3086.682699,0
850,10822.3964,3115.970203,0
851,10583.22423,3137.974966,0
852,10347.68166,3152.641055,0
853,10116.50051,3159.990599,0
854,9890.338121,3160.120362,0
855,9669.774605,3153.196801,0
856,9455.311828,3139.449863,0
857,9247.374008,3119.165825,0
858,9046.309729,3092.679465,0
859,8852.395126,3060.365853,0
860,8665.838012,3022.632048,0
861,8486.782724,2979.908924,0
862,8315.315446,2932.643334,0
863,8151.469829,2881.290786,0
864,7995.232722,2826.30874,0
865,7846.549863,2768.150619,0
866,7705.331408,2707.260586,0
867,7571.457214,2644.069095,0
868,7444.781788,2578.989216,0
869,7325.138874,2512.4137,0
870,7212.345627,2444.712742,0
871,7106.206388,2376.232378,0
872,7006.516039,2307.29346,0
873,6913.06296,2238.191139,0
874,6825.631603,2169.194776,0
875,6744.004712,2100.548234,0
876,6667.965206,2032.47047,0
877,6597.297766,1965.156376,0
878,6531.79015,1898.777813,0
879,6471.23426,1833.484785,0
880,6415.427003,1769.406724,0
881,6364.17096,1706.653829,0
882,6317.27489,1645.318447,0
883,6274.554102,1585.476456,0
884,6235.8307,1527.188636,0
885,6200.933732,1470.502013,0
886,6169.699255,1415.451145,0
887,6141.970326,1362.059369,0
888,6117.596938,1310.339972,0
889,6096.435916,1260.297303,0
890,6078.350766,1211.927807,0
891,6063.211503,1165.220995,0
892,6050.894457,1120.160336,0
893,6041.282055,1076.724077,0
894,6034.262608,1034.886,0
895,6029.730075,994.616107,0
896,6027.583831,955.881241,0
897,6027.728438,918.645656,0
898,6030.073411,882.871514,0
899,6034.532987,848.519348,0
900,6041.025907,815.548459,0
901,6049.475195,783.917279,0
902,6059.807946,753.583687,0
903,6071.955125,724.505287,0
904,6085.851369,696.63965,0
905,6101.434796,669.944527,0
906,6118.646832,644.378031,0
907,6137.432029,619.898792,0
908,6157.737906,596.46609,0
909,6179.514792,574.039964,0
910,6202.715674,552.581308,0
911,6227.296057,532.051941,0
912,6253.213829,512.414672,0
913,6280.429132,493.633343,0
914,6308.904243,475.672867,0
915,6338.603456,458.499248,0
916,6369.492977,442.079602,0
917,6401.540817,426.382163,0
918,6434.716697,411.376282,0
919,6468.991954,397.032425,0
920,6504.339455,383.32216,0
921,6540.733515,370.218147,0
922,6578.149816,357.694118,0
923,6616.565334,345.724855,0
924,6655.958272,334.286171,0
925,6696.307987,323.354881,0
926,6737.594936,312.90878,0
927,6779.800608,302.92661,0
928,6822.907472,293.388036,0
929,6866.898925,284.273616,0
930,6911.759238,275.56477,0
931,6957.473508,267.243753,0
932,7004.027616,259.293622,0
933,7051.408181,251.698213,0
934,7099.602519,244.442106,0
935,7148.598605,237.5106,0
936,7198.385036,230.889682,0
937,7248.950994,224.566007,0
938,7300.286213,218.526863,0
939,7352.38095,212.76015,0
940,7405.225949,207.254355,0
941,7458.812417,201.998528,0
942,7513.13199,196.982254,0
943,7568.176715,192.19564,0
944,7623.939014,187.629283,0
945,7680.411669,183.274256,0
946,7737.587791,179.122088,0
947,7795.460802,175.16474,0
948,7854.024411,171.394593,0
949,7913.272593,167.804427,0
950,7973.199568,164.387404,0
951,8033.799783,161.137055,0
952,8095.067891,158.047263,0
953,8156.998732,155.11225,0
954,8219.587317,152.326564,0
955,8282.828807,149.685063,0
956,8346.718498,147.182909,0
957,8411.251802,144.815551,0
958,8476.424229,142.578717,0
959,8542.231375,140.468406,0
960,8608.6689,138.480876,0
961,8675.732513,136.612636,0
962,8743.417956,134.86044,0
963,8811.720988,133.221277,0
964,8880.637367,131.692368,0
965,8950.162833,130.271155,0
966,9020.293093,128.955301,0
967,9091.023802,127.742682,0
968,9162.350546,126.631383,0
969,9234.268825,125.619696,0
970,9306.774034,124.706116,0
971,9379.861444,123.889336,0
972,9453.526184,123.168252,0
973,9527.763221,122.541954,0
974,9602.567338,122.009731,0
975,9677.933115,121.571067,0
976,9753.854907,121.225645,0
977,9830.326819,120.973348,0
978,9907.342684,120.814256,0
979,9984.896038,120.748656,0
980,10062.98009,120.77704,0
981,10141.58771,120.90011,0
982,10220.71137,121.118786,0
983,10300.34315,121.434206,0
984,10380.47468,121.847738,0
985,10461.09711,122.360982,0
986,10542.20109,122.975784,0
987,10623.77671,123.69424,0
988,10705.81348,124.518707,0
989,10788.30029,125.451817,0
990,10871.22534,126.496486,0
991,10954.5761,127.655931,0
992,11038.33929,128.93368,0
993,11122.50079,130.33359,0
994,11207.0456,131.859869,0
995,11291.95778,133.517085,0
996,11377.22038,135.310197,0
997,11462.81536,137.244571,0
998,11548.72355,139.326004,0
999,11634.92454,141.560752,0
