,ê∂éYé“,àÍéüè¡îÔé“,ìÒéüè¡îÔé“
0,1,0.5,0.1
1,1.090773,1.293443,0.107845
2,0.416953,2.649177,0.17458
3,0.046244,2.896615,0.344525
4,0.006573,2.295888,0.649205
5,0.002928,1.41413,1.029436
6,0.004852,0.621834,1.203401
7,0.019434,0.232494,1.01254
8,0.106776,0.106891,0.709945
9,0.528443,0.082438,0.468472
10,1.3642,0.139917,0.312758
11,1.691041,0.392093,0.234258
12,1.390615,1.181328,0.23849
13,0.548206,2.584613,0.375863
14,0.071843,2.713157,0.731088
15,0.018515,1.688251,1.269684
16,0.025006,0.6357,1.565004
17,0.101385,0.188357,1.287578
18,0.487266,0.089681,0.877675
19,1.330122,0.106715,0.580102
20,1.747655,0.243486,0.407569
21,1.635052,0.680931,0.348561
22,1.067003,1.735431,0.432969
23,0.293708,2.613259,0.758511
24,0.069742,1.876058,1.349934
25,0.075659,0.718335,1.759139
26,0.269563,0.207147,1.488004
27,0.948297,0.116044,1.032368
28,1.637522,0.162554,0.706871
29,1.757961,0.360404,0.531429
30,1.513718,0.901268,0.504892
31,0.888402,1.902718,0.685555
32,0.278915,2.218518,1.180989
33,0.151339,1.203027,1.817041
34,0.334556,0.368802,1.854454
35,0.999139,0.163798,1.386907
36,1.640237,0.176506,0.974821
37,1.769771,0.318342,0.728048
38,1.605324,0.696948,0.647579
39,1.15122,1.445893,0.773221
40,0.539405,1.999645,1.204033
41,0.295625,1.346767,1.857257
42,0.497908,0.483902,2.046432
43,1.164978,0.215196,1.624899
44,1.679196,0.203698,1.179714
45,1.77045,0.315358,0.891438
46,1.638067,0.611747,0.774658
47,1.283704,1.193899,0.860058
48,0.752238,1.748542,1.228788
49,0.45264,1.392628,1.843179
50,0.624785,0.59684,2.137273
51,1.228483,0.268929,1.799665
52,1.676661,0.22523,1.345837
53,1.767689,0.30566,1.023086
54,1.66908,0.5373,0.867268
55,1.390231,1.002692,0.902895
56,0.931537,1.545763,1.195169
57,0.583876,1.449796,1.749552
58,0.664351,0.743,2.15026
59,1.180367,0.332982,1.940537
60,1.63463,0.243437,1.495742
61,1.760454,0.290626,1.139225
62,1.69953,0.467746,0.939947
63,1.482709,0.843137,0.920536
64,1.088308,1.365367,1.132818
65,0.700681,1.493708,1.614013
66,0.664324,0.917785,2.098191
67,1.075919,0.41669,2.051681
68,1.560945,0.265166,1.640364
69,1.744609,0.277149,1.253355
70,1.724412,0.407842,1.008903
71,1.560485,0.708493,0.934206
72,1.227485,1.191138,1.069791
73,0.821019,1.492457,1.468467
74,0.667534,1.101562,1.99206
75,0.955077,0.529047,2.124357
76,1.456991,0.296683,1.781507
77,1.71514,0.269264,1.372535
78,1.740758,0.359343,1.083316
79,1.623571,0.59612,0.954786
80,1.349711,1.023299,1.01903
81,0.9503,1.434615,1.331351
82,0.694279,1.266717,1.847203
83,0.844849,0.675543,2.145782
84,1.325191,0.344391,1.914342
85,1.666398,0.269446,1.499308
86,1.746509,0.322291,1.167774
87,1.672637,0.504215,0.98718
88,1.454276,0.867786,0.985574
89,1.084608,1.326538,1.212884
90,0.75198,1.384306,1.682814
91,0.763548,0.852857,2.107209
92,1.174766,0.415687,2.028424
93,1.592489,0.280023,1.632956
94,1.739336,0.296221,1.264392
95,1.708482,0.430871,1.033574
96,1.540965,0.729988,0.970951
97,1.216194,1.185213,1.117999
98,0.840335,1.433458,1.517521
99,0.721242,1.044514,2.010465
100,1.022713,0.518451,2.108847
101,1.488944,0.30411,1.769628
102,1.715935,0.280789,1.37373
103,1.731603,0.374013,1.094923
104,1.610457,0.612715,0.975189
105,1.337628,1.030312,1.048188
106,0.953099,1.408526,1.365735
107,0.721432,1.222268,1.869203
108,0.88923,0.658036,2.13952
109,1.356014,0.346298,1.901833
110,1.671748,0.276177,1.494981
111,1.7418,0.331644,1.171552
112,1.664019,0.516287,0.997766
113,1.443938,0.878339,1.002949
114,1.079819,1.319944,1.236405
115,0.763217,1.354493,1.704064
116,0.790803,0.831668,2.109353
117,1.20225,0.412983,2.017827
118,1.601415,0.283454,1.625698
119,1.737801,0.302108,1.263336
120,1.703004,0.439376,1.038043
121,1.53294,0.74016,0.980848
122,1.208789,1.188646,1.133656
123,0.842053,1.417444,1.535744
124,0.736361,1.02334,2.018635
125,1.045004,0.51162,2.101936
126,1.500559,0.304988,1.761168
127,1.716935,0.284327,1.369625
128,1.728372,0.379883,1.095428
129,1.604555,0.621207,0.980207
130,1.330111,1.037852,1.058246
131,0.949465,1.403477,1.380216
132,0.728133,1.204521,1.88055
133,0.905502,0.647682,2.137327
134,1.3692,0.344886,1.893515
135,1.675021,0.278009,1.488956
136,1.740285,0.335604,1.169374
137,1.659855,0.522917,0.999487
138,1.437367,0.886749,1.009026
139,1.073654,1.322262,1.247292
140,0.764099,1.342475,1.716175
141,0.801278,0.818986,2.111972
142,1.215564,0.409234,2.010873
143,1.606873,0.283899,1.618561
144,1.737749,0.304664,1.259261
145,1.700222,0.444362,1.037431
146,1.527619,0.747924,0.984051
147,1.201921,1.195016,1.141439
148,0.839002,1.411936,1.547027
149,0.741848,1.010239,2.025188
150,1.056918,0.505371,2.0975
151,1.50806,0.304122,1.753617
152,1.718306,0.285797,1.364165
153,1.726721,0.383525,1.093073
154,1.600454,0.627767,0.981275
155,1.323595,1.045801,1.063474
156,0.943995,1.403844,1.389845
157,0.729546,1.193239,1.889543
158,0.914835,0.638969,2.136327
159,1.378299,0.342586,1.886291
160,1.677929,0.278559,1.482495
161,1.739638,0.33817,1.165645
162,1.656834,0.528189,0.998897
163,1.431705,0.894727,1.01218
164,1.067035,1.326948,1.254976
165,0.762263,1.334907,1.726049
166,0.807464,0.80842,2.11475
167,1.225358,0.405219,2.004847
168,1.611497,0.283567,1.611459
169,1.738098,0.306353,1.254402
170,1.698136,0.448452,1.03549
171,1.522971,0.755122,0.985511
172,1.195139,1.202193,1.147196
173,0.834694,1.409068,1.556549
174,0.744853,0.999189,2.031296
175,1.066177,0.499313,2.093654
176,1.514488,0.302818,1.746299
177,1.719763,0.286732,1.358361
178,1.725474,0.3866,1.089978
179,1.596802,0.633864,0.981317
180,1.317303,1.05389,1.067461
181,0.938042,1.405545,1.398237
182,0.729616,1.183575,1.897891
183,0.922395,0.630741,2.135545
184,1.386298,0.340089,1.879329
185,1.680707,0.278786,1.475932
186,1.7392,0.340386,1.161526
187,1.654091,0.533137,0.997717
188,1.426247,0.902627,1.014595
189,1.06029,1.332193,1.261858
190,0.759763,1.328392,1.735327
191,0.812585,0.79845,2.11746
192,1.23421,0.40119,1.999011
193,1.615849,0.283051,1.604374
194,1.738525,0.307831,1.249358
195,1.696212,0.452338,1.033223
196,1.518466,0.762211,0.986541
197,1.188362,1.209553,1.152463
198,0.830103,1.406755,1.565625
199,0.747279,0.988671,2.037191
200,1.074757,0.493378,2.089872
201,1.520569,0.301429,1.739039
202,1.721205,0.287545,1.35249
203,1.724309,0.389554,1.086715
204,1.593236,0.639878,0.981121
205,1.311041,1.062017,1.071164
206,0.931991,1.407467,1.406341
207,0.729412,1.174262,1.906007
208,0.929546,0.622716,2.134699
209,1.393955,0.337586,1.872412
210,1.683399,0.27895,1.469363
211,1.73879,0.342535,1.157334
212,1.651393,0.53804,0.996416
213,1.420809,0.910532,1.016858
214,1.053519,1.337491,1.268577
215,0.757163,1.322024,1.74443
216,0.817509,0.788688,2.120022
217,1.242793,0.39722,1.993168
218,1.620066,0.282514,1.597306
219,1.738941,0.309277,1.244295
220,1.694303,0.456206,1.030904
221,1.513964,0.769309,0.987502
222,1.181572,1.216914,1.157654
223,0.825498,1.40443,1.574603
224,0.749646,0.978287,2.042922
225,1.083182,0.487552,2.086013
226,1.526493,0.300054,1.731792
227,1.722602,0.288348,1.346629
228,1.723139,0.392507,1.083442
229,1.58966,0.645915,0.980904
230,1.30476,1.070149,1.074847
231,0.925955,1.409302,1.414413
232,0.729226,1.164967,1.913999
233,0.936655,0.614824,2.133712
234,1.401466,0.335129,1.86548
235,1.686017,0.279122,1.462815
236,1.738359,0.344694,1.153155
237,1.648675,0.542972,0.995121
238,1.415341,0.918461,1.019132
239,1.046755,1.342699,1.275309
240,0.75462,1.315558,1.75347
241,0.822471,0.779033,2.122413
242,1.251284,0.393329,1.987266
243,1.624183,0.282,1.590257
244,1.73932,0.310739,1.239258
245,1.692369,0.460106,1.028608
246,1.509426,0.776448,0.98849
247,1.174768,1.224221,1.162883
248,0.820957,1.401938,1.583576
249,0.752096,0.967937,2.048499
250,1.091592,0.481834,2.082038
251,1.532307,0.298718,1.724547
252,1.723944,0.289173,1.340799
253,1.721939,0.395492,1.080201
254,1.586045,0.651999,0.980723
255,1.298446,1.078274,1.07858
256,0.919964,1.410962,1.422519
257,0.729142,1.155601,1.921889
258,0.943821,0.607046,2.132562
259,1.408884,0.332731,1.858522
260,1.688562,0.27932,1.456297
261,1.737893,0.346885,1.149013
262,1.64592,0.547954,0.993868
263,1.40983,0.926417,1.021461
264,1.040007,1.347772,1.282099
265,0.752178,1.30893,1.762472
266,0.827536,0.769463,2.124624
267,1.259728,0.389523,1.981292
268,1.628211,0.28152,1.583228
269,1.739655,0.312231,1.234261
270,1.690399,0.464053,1.026356
271,1.504841,0.783635,0.989534
272,1.167951,1.231456,1.168181
273,0.816501,1.399237,1.592565
274,0.754667,0.957595,2.053923
275,1.100022,0.476221,2.077941
276,1.538025,0.297428,1.717304
277,1.725232,0.290028,1.335007
278,1.720703,0.39852,1.077004
279,1.582386,0.65814,0.980596
280,1.292097,1.086384,1.082384
281,0.914031,1.412421,1.43068
282,0.72918,1.146145,1.929683
283,0.951068,0.599379,2.131245
284,1.416221,0.330397,1.851534
285,1.691035,0.27955,1.44981
286,1.737389,0.349113,1.144916
287,1.643123,0.552991,0.992666
288,1.404273,0.934401,1.023857
289,1.03328,1.352697,1.288962
290,0.749851,1.302125,1.771443
291,0.83272,0.759971,2.126654
292,1.268136,0.3858,1.975247
293,1.632153,0.281078,1.57622
294,1.739945,0.313758,1.229306
295,1.68839,0.468052,1.024153
296,1.500207,0.790872,0.99064
297,1.161123,1.238611,1.173557
298,0.81214,1.396315,1.601577
299,0.75737,0.947259,2.059191
300,1.10848,0.470714,2.073721
301,1.54365,0.296185,1.710062
302,1.726463,0.290915,1.329254
303,1.71943,0.401593,1.073856
304,1.578679,0.664339,0.980527
305,1.285714,1.094476,1.086264
306,0.908159,1.413671,1.438897
307,0.729349,1.136598,1.937379
308,0.958402,0.591822,2.129762
309,1.423479,0.328126,1.844517
310,1.693439,0.279814,1.443357
311,1.736844,0.35138,1.140865
312,1.640282,0.558086,0.991519
313,1.398669,0.94241,1.026324
314,1.026578,1.357467,1.295899
315,0.747641,1.295142,1.780381
316,0.838026,0.750561,2.128501
317,1.276507,0.382162,1.96913
318,1.636009,0.280674,1.569233
319,1.74019,0.315319,1.224396
320,1.686341,0.472102,1.022002
321,1.495524,0.798158,0.991811
322,1.154284,1.245682,1.179013
323,0.807874,1.393172,1.61061
324,0.760209,0.936932,2.064301
325,1.116964,0.465311,2.06938
326,1.549182,0.29499,1.702823
327,1.727639,0.291836,1.323543
328,1.718118,0.404712,1.070757
329,1.574924,0.670597,0.980517
330,1.279296,1.102548,1.090221
331,0.902351,1.414709,1.447171
332,0.72965,1.126963,1.944973
333,0.965821,0.584376,2.128113
334,1.430658,0.325917,1.837474
335,1.695772,0.280112,1.436938
336,1.73626,0.353688,1.136862
337,1.637397,0.56324,0.990426
338,1.393019,0.950444,1.028864
339,1.019901,1.362077,1.302912
340,0.745552,1.287984,1.789283
341,0.843456,0.741233,2.130165
342,1.284841,0.378607,1.962945
343,1.63978,0.280307,1.562269
344,1.74039,0.316916,1.21953
345,1.684251,0.476206,1.019903
346,1.49079,0.805493,0.993048
347,1.147436,1.252664,1.184549
348,0.803707,1.389805,1.619663
349,0.763183,0.926618,2.069251
350,1.125472,0.460012,2.06492
351,1.554622,0.293842,1.695588
352,1.728761,0.292789,1.317871
353,1.716767,0.407878,1.067707
354,1.571121,0.676913,0.980568
355,1.272846,1.110595,1.094257
356,0.89661,1.415531,1.455502
357,0.730085,1.117245,1.952463
358,0.973325,0.57704,2.1263
359,1.437757,0.323769,1.830405
360,1.698038,0.280443,1.430554
361,1.735637,0.356036,1.132905
362,1.634468,0.568451,0.98939
363,1.387322,0.958499,1.031476
364,1.013253,1.366524,1.309999
365,0.743584,1.280654,1.798146
366,0.849008,0.73199,2.131647
367,1.293134,0.375134,1.956693
368,1.643468,0.279979,1.555329
369,1.740546,0.318549,1.214709
370,1.682121,0.480364,1.017856
371,1.486006,0.812876,0.994352
372,1.140582,1.259554,1.190166
373,0.79964,1.386217,1.628732
374,0.766293,0.916321,2.074038
375,1.134,0.454816,2.060344
376,1.55997,0.29274,1.688358
377,1.729828,0.293776,1.312241
378,1.715378,0.411091,1.064706
379,1.567269,0.683287,0.98068
380,1.266363,1.118616,1.098372
381,0.890936,1.416136,1.463887
382,0.730652,1.107449,1.959845
383,0.980909,0.569815,2.124325
384,1.444774,0.321683,1.823313
385,1.700235,0.280808,1.424204
386,1.734974,0.358424,1.128996
387,1.631494,0.573721,0.988409
388,1.38158,0.966575,1.034161
389,1.006634,1.370804,1.317161
390,0.741738,1.273155,1.806967
391,0.85468,0.722834,2.132945
392,1.301384,0.371741,1.950378
393,1.647072,0.279687,1.548412
394,1.740658,0.320219,1.209934
395,1.679949,0.484575,1.015861
396,1.481172,0.820307,0.995723
397,1.133722,1.266347,1.195864
398,0.795675,1.382409,1.637816
399,0.769539,0.906046,2.078662
400,1.142546,0.449721,2.055654
401,1.565226,0.291683,1.681134
402,1.730842,0.294797,1.306653
403,1.71395,0.414351,1.061756
404,1.563368,0.689719,0.980852
405,1.259849,1.126606,1.102566
406,0.885333,1.416523,1.472325
407,0.731354,1.097579,1.967115
408,0.988572,0.562701,2.12219
409,1.451708,0.319656,1.8162
410,1.702365,0.281206,1.417889
411,1.734271,0.360854,1.125134
412,1.628475,0.57905,0.987484
413,1.375792,0.974668,1.036921
414,1.000049,1.374913,1.324396
415,0.740015,1.265493,1.815742
416,0.860472,0.713768,2.13406
417,1.309588,0.368428,1.944001
418,1.650595,0.279433,1.541521
419,1.740725,0.321924,1.205203
420,1.677737,0.48884,1.013919
421,1.476288,0.827783,0.99716
422,1.126859,1.273039,1.201642
423,0.791812,1.378382,1.646912
424,0.77292,0.895798,2.083119
425,1.151106,0.444727,2.050854
426,1.570391,0.290672,1.673918
427,1.731803,0.295851,1.301106
428,1.712483,0.417658,1.058855
429,1.559418,0.696208,0.981086
430,1.253305,1.134564,1.106838
431,0.879802,1.416689,1.480815
432,0.73219,1.087643,1.97427
433,0.996311,0.555698,2.119898
434,1.458559,0.317688,1.809067
435,1.704428,0.281638,1.41161
436,1.73353,0.363326,1.12132
437,1.62541,0.584438,0.986616
438,1.369959,0.982778,1.039754
439,0.993497,1.378848,1.331704
440,0.738416,1.25767,1.824468
441,0.866381,0.704794,2.134993
442,1.317743,0.365193,1.937566
443,1.654036,0.279215,1.534655
444,1.740749,0.323666,1.200517
445,1.675483,0.49316,1.012029
446,1.471353,0.835304,0.998666
447,1.119994,1.279628,1.2075
448,0.788053,1.374137,1.656018
449,0.776436,0.88558,2.087407
450,1.159675,0.439832,2.045946
451,1.575463,0.289705,1.66671
452,1.732711,0.296938,1.295601
453,1.710977,0.421014,1.056004
454,1.555419,0.702755,0.981381
455,1.246732,1.142484,1.111191
456,0.874345,1.416635,1.489355
457,0.733161,1.077644,1.981308
458,1.004122,0.548806,2.117449
459,1.465324,0.315778,1.801916
460,1.706427,0.282103,1.405368
461,1.732749,0.365839,1.117554
462,1.622301,0.589884,0.985805
463,1.364082,0.990902,1.042661
464,0.986982,1.382606,1.339085
465,0.736942,1.249692,1.833142
466,0.872407,0.695914,2.135744
467,1.325846,0.362035,1.931073
468,1.657396,0.279034,1.527815
469,1.74073,0.325444,1.195877
470,1.673188,0.497534,1.010192
471,1.466369,0.84287,1.000239
472,1.11313,1.286108,1.213439
473,0.7844,1.369677,1.66513
474,0.780087,0.875397,2.091526
475,1.168252,0.435036,2.040932
476,1.580445,0.288782,1.659513
477,1.733568,0.29806,1.290137
478,1.709432,0.424418,1.053203
479,1.551371,0.70936,0.981738
480,1.240131,1.150365,1.115622
481,0.868964,1.416357,1.497943
482,0.734267,1.067589,1.988224
483,1.012002,0.542025,2.114847
484,1.472003,0.313925,1.794748
485,1.70836,0.282601,1.399162
486,1.731929,0.368394,1.113836
487,1.619145,0.59539,0.98505
488,1.358161,0.999038,1.045643
489,0.980505,1.386184,1.346537
490,0.735593,1.241562,1.841759
491,0.878548,0.68713,2.136313
492,1.333896,0.358954,1.924527
493,1.660676,0.278889,1.521003
494,1.740668,0.32726,1.191282
495,1.670851,0.501964,1.008409
496,1.461335,0.850478,1.00188
497,1.106266,1.292476,1.219458
498,0.780854,1.365004,1.674246
499,0.783872,0.865254,2.095473
500,1.176831,0.430338,2.035817
501,1.585335,0.287903,1.652326
502,1.734374,0.299215,1.284717
503,1.707849,0.427871,1.050453
504,1.547274,0.71602,0.982158
505,1.233504,1.158203,1.120134
506,0.86366,1.415857,1.506578
507,0.735509,1.057481,1.995015
508,1.019949,0.535356,2.112094
509,1.478596,0.312128,1.787566
510,1.71023,0.283133,1.392992
511,1.73107,0.370992,1.110165
512,1.615944,0.600954,0.984353
513,1.352197,1.007183,1.0487
514,0.974069,1.389578,1.354059
515,0.73437,1.233286,1.850317
516,0.884801,0.678444,2.136701
517,1.341889,0.355947,1.917929
518,1.663877,0.27878,1.514218
519,1.740564,0.329113,1.186734
520,1.668472,0.506449,1.006678
521,1.456251,0.858128,1.00359
522,1.099406,1.298729,1.225557
523,0.777415,1.360118,1.683363
524,0.787791,0.855154,2.099247
525,1.185411,0.425737,2.030601
526,1.590135,0.287067,1.645151
527,1.73513,0.300404,1.279338
528,1.706226,0.431373,1.047752
529,1.543127,0.722738,0.982639
530,1.226851,1.165995,1.124726
531,0.858436,1.415132,1.515258
532,0.736886,1.047328,2.001678
533,1.02796,0.528797,2.109192
534,1.485101,0.310387,1.780372
535,1.712037,0.283697,1.38686
536,1.730173,0.373632,1.106543
537,1.612696,0.606578,0.983712
538,1.34619,1.015336,1.051832
539,0.967676,1.392785,1.361652
540,0.733273,1.224867,1.858811
541,0.891165,0.669857,2.136909
542,1.349824,0.353014,1.911282
543,1.667,0.278707,1.507461
544,1.740417,0.331003,1.18223
545,1.666051,0.510989,1.005001
546,1.451118,0.865818,1.005369
547,1.092552,1.304862,1.231736
548,0.774086,1.355024,1.692478
549,0.791842,0.845101,2.102845
550,1.193987,0.42123,2.025289
551,1.594844,0.286273,1.637989
552,1.735835,0.301627,1.274003
553,1.704564,0.434925,1.045103
554,1.53893,0.729511,0.983184
555,1.220174,1.173736,1.129397
556,0.853293,1.414182,1.523981
557,0.738399,1.037133,2.008211
558,1.03603,0.522348,2.106144
559,1.491517,0.3087,1.773165
560,1.713781,0.284295,1.380766
561,1.729236,0.376315,1.102969
562,1.609403,0.612261,0.98313
563,1.340142,1.023494,1.055039
564,0.961327,1.395803,1.369313
565,0.732304,1.216311,1.867239
566,0.897638,0.661371,2.136938
567,1.357698,0.350154,1.904587
568,1.670044,0.278669,1.500733
569,1.740229,0.332931,1.177773
570,1.663588,0.515586,1.003378
571,1.445935,0.873548,1.007217
572,1.085705,1.310871,1.237994
573,0.770867,1.349723,1.701588
574,0.796027,0.835099,2.106268
575,1.202556,0.416819,2.019882
576,1.599463,0.285521,1.630841
577,1.736491,0.302884,1.26871
578,1.702863,0.438526,1.042504
579,1.534683,0.736339,0.983791
580,1.213475,1.181425,1.134149
581,0.848233,1.413006,1.532744
582,0.740047,1.026903,2.014609
583,1.044158,0.51601,2.102951
584,1.497844,0.307067,1.76595
585,1.715464,0.284927,1.374709
586,1.728261,0.379042,1.099443
587,1.606062,0.618004,0.982605
588,1.334051,1.031655,1.058323
589,0.955025,1.398628,1.377042
590,0.731464,1.207623,1.875596
591,0.904219,0.652988,2.136788
592,1.365509,0.347365,1.897847
593,1.673013,0.278667,1.494034
594,1.739999,0.334896,1.173362
595,1.661082,0.520238,1.001808
596,1.440703,0.881315,1.009135
597,1.078867,1.316753,1.244332
598,0.76776,1.344217,1.71069
599,0.800343,0.825152,2.109513
600,1.211115,0.4125,2.014383
601,1.603992,0.28481,1.623708
602,1.737098,0.304175,1.263461
603,1.701122,0.442178,1.039955
604,1.530387,0.743222,0.984462
605,1.206754,1.189056,1.138982
606,0.843258,1.411604,1.541547
607,0.741832,1.016642,2.020871
608,1.05234,0.509781,2.099617
609,1.504082,0.305487,1.758725
610,1.717085,0.285591,1.368691
611,1.727247,0.381812,1.095966
612,1.602675,0.623805,0.982138
613,1.327921,1.039815,1.061682
614,0.948772,1.401258,1.384838
615,0.730751,1.198806,1.88388
616,0.910904,0.644708,2.136461
617,1.373254,0.344647,1.891064
618,1.675905,0.278699,1.487365
619,1.739727,0.3369,1.168997
620,1.658534,0.524947,1.000292
621,1.435422,0.889119,1.011122
622,1.072039,1.322503,1.250748
623,0.764766,1.33851,1.719782
624,0.804791,0.815263,2.11258
625,1.21966,0.408273,2.008796
626,1.608432,0.284141,1.616591
627,1.737656,0.305501,1.258254
628,1.699342,0.44588,1.037458
629,1.526041,0.75016,0.985197
630,1.200013,1.196628,1.143894
631,0.83837,1.409977,1.550387
632,0.743754,1.006356,2.026992
633,1.060572,0.503662,2.096144
634,1.510229,0.303959,1.751495
635,1.718647,0.286288,1.362712
636,1.726195,0.384627,1.092537
637,1.599241,0.629666,0.98173
638,1.32175,1.047973,1.065118
639,0.94257,1.40369,1.3927
640,0.730169,1.189866,1.892086
641,0.917693,0.636533,2.135958
642,1.380932,0.341998,1.884241
643,1.678722,0.278767,1.480727
644,1.739414,0.338943,1.164679
645,1.655943,0.529713,0.998831
646,1.430092,0.896958,1.01318
647,1.065225,1.328119,1.257243
648,0.761885,1.332604,1.72886
649,0.809369,0.805436,2.115467
650,1.228189,0.404137,2.003122
651,1.612784,0.283512,1.609491
652,1.738167,0.306862,1.253092
653,1.697522,0.449633,1.035012
654,1.521645,0.757151,0.985995
655,1.193253,1.204135,1.148888
656,0.833569,1.408122,1.559262
657,0.745811,0.996049,2.032971
658,1.068851,0.497651,2.092534
659,1.516285,0.302483,1.744259
660,1.720149,0.287019,1.356771
661,1.725103,0.387485,1.089157
662,1.59576,0.635586,0.98138
663,1.31554,1.056126,1.068631
664,0.936421,1.405921,1.400627
665,0.729716,1.180809,1.900211
666,0.924582,0.628464,2.13528
667,1.388541,0.339418,1.877379
668,1.681465,0.278869,1.47412
669,1.739061,0.341023,1.160407
670,1.653309,0.534536,0.997424
671,1.424713,0.904831,1.015309
672,1.058426,1.333596,1.263816
673,0.759119,1.326502,1.737921
674,0.814076,0.795675,2.118174
675,1.236697,0.400091,1.997365
676,1.617047,0.282923,1.602409
677,1.73863,0.308257,1.247973
678,1.695663,0.453437,1.032616
679,1.517198,0.764196,0.986858
680,1.186475,1.211575,1.153962
681,0.828858,1.406042,1.56817
682,0.748005,0.985727,2.038804
683,1.077174,0.491748,2.08879
684,1.522251,0.301057,1.737019
685,1.721593,0.287782,1.35087
686,1.723974,0.390389,1.085825
687,1.592232,0.641566,0.981089
688,1.309292,1.064272,1.072221
689,0.930326,1.407948,1.408617
690,0.729394,1.171638,1.908252
691,0.931569,0.620503,2.134429
692,1.396079,0.336905,1.87048
693,1.684135,0.279005,1.467545
694,1.738666,0.343143,1.156181
695,1.650632,0.539416,0.996071
696,1.419287,0.912735,1.017508
697,1.051643,1.33893,1.270467
698,0.756469,1.320207,1.746962
699,0.818912,0.785983,2.1207
700,1.245182,0.396134,1.991527
701,1.621224,0.282374,1.595345
702,1.739047,0.309687,1.242898
703,1.693763,0.457292,1.030273
704,1.512702,0.771293,0.987786
705,1.179682,1.218943,1.159117
706,0.824239,1.403735,1.577109
707,0.750336,0.975395,2.044489
708,1.085537,0.485952,2.084915
709,1.528125,0.299682,1.729777
710,1.722979,0.288579,1.345008
711,1.722805,0.393337,1.082543
712,1.588656,0.647604,0.980857
713,1.303007,1.072407,1.075888
714,0.924289,1.40977,1.41667
715,0.729202,1.16236,1.916205
716,0.938653,0.612649,2.133406
717,1.403543,0.334458,1.863547
718,1.686731,0.279176,1.461001
719,1.738232,0.345302,1.152003
720,1.647911,0.544354,0.994773
721,1.413812,0.92067,1.019779
722,1.044879,1.344117,1.277196
723,0.753936,1.313724,1.755979
724,0.823876,0.776362,2.123044
725,1.253641,0.392264,1.985611
726,1.625313,0.281865,1.588301
727,1.739416,0.311152,1.237867
728,1.691824,0.4612,1.02798
729,1.508155,0.778442,0.988778
730,1.172875,1.226237,1.164352
731,0.819712,1.401203,1.586076
732,0.752803,0.965058,2.050023
733,1.093938,0.480263,2.080911
734,1.533907,0.298355,1.722533
735,1.724307,0.289409,1.339186
736,1.721598,0.396331,1.079309
737,1.585032,0.653701,0.980684
738,1.296684,1.080529,1.079633
739,0.91831,1.411385,1.424784
740,0.729143,1.152979,1.924066
741,0.94583,0.604903,2.132212
742,1.410933,0.332077,1.856582
743,1.689256,0.279381,1.454491
744,1.737756,0.347501,1.147871
745,1.645146,0.549349,0.99353
746,1.40829,0.928634,1.022122
747,1.038136,1.349155,1.284001
748,0.751521,1.307054,1.76497
749,0.828967,0.766816,2.125206
750,1.26207,0.38848,1.979619
751,1.629316,0.281394,1.581278
752,1.73974,0.312653,1.23288
753,1.689844,0.46516,1.025739
754,1.503558,0.785642,0.989836
755,1.166054,1.233452,1.169668
756,0.81528,1.398445,1.595069
757,0.755406,0.95472,2.055403
758,1.102372,0.47468,2.07678
759,1.539598,0.297078,1.715291
760,1.725579,0.290272,1.333404
761,1.720353,0.39937,1.076125
762,1.58136,0.659858,0.980571
763,1.290326,1.088635,1.083456
764,0.912393,1.412789,1.432958
765,0.729215,1.1435,1.931833
766,0.953099,0.597267,2.13085
767,1.418247,0.329759,1.849586
768,1.69171,0.279621,1.448014
769,1.737241,0.349739,1.143786
770,1.642337,0.554402,0.992342
771,1.40272,0.936625,1.024536
772,1.031415,1.354038,1.290883
773,0.749225,1.300201,1.773931
774,0.834183,0.757347,2.127186
775,1.270467,0.384781,1.973553
776,1.633233,0.280962,1.574275
777,1.740018,0.314188,1.227937
778,1.687825,0.469172,1.02355
779,1.498911,0.792892,0.990959
780,1.159223,1.240585,1.175066
781,0.810944,1.395464,1.604086
782,0.758146,0.944387,2.060627
783,1.110836,0.469202,2.072526
784,1.545197,0.295848,1.70805
785,1.726795,0.291168,1.327663
786,1.719069,0.402456,1.07299
787,1.57764,0.666073,0.980518
788,1.283933,1.096722,1.087356
789,0.906538,1.413981,1.441191
790,0.72942,1.133928,1.9395
791,0.960456,0.589741,2.12932
792,1.425483,0.327505,1.842562
793,1.694094,0.279894,1.44157
794,1.736686,0.352018,1.139748
795,1.639485,0.559513,0.99121
796,1.397103,0.944641,1.027023
797,1.024719,1.358765,1.297841
798,0.747049,1.29317,1.782859
799,0.839523,0.74796,2.128982
800,1.278828,0.381166,1.967417
801,1.637065,0.280568,1.567295
802,1.74025,0.31576,1.223039
803,1.685764,0.473238,1.021413
804,1.494213,0.800192,0.992149
805,1.152381,1.247632,1.180543
806,0.806706,1.392258,1.613124
807,0.761022,0.934064,2.065693
808,1.119327,0.463828,2.068152
809,1.550703,0.294666,1.700812
810,1.727956,0.292097,1.321962
811,1.717746,0.405588,1.069904
812,1.573872,0.672347,0.980525
813,1.277507,1.104787,1.091335
814,0.900748,1.414959,1.449481
815,0.729758,1.12427,1.947066
816,0.967898,0.582326,2.127625
817,1.43264,0.325314,1.835512
818,1.696409,0.2802,1.43516
819,1.736091,0.354336,1.135757
820,1.636587,0.564682,0.990133
821,1.39144,0.952681,1.029582
822,1.01805,1.36333,1.304874
823,0.744993,1.285964,1.791751
824,0.844987,0.738655,2.130595
825,1.28715,0.377634,1.961214
826,1.640813,0.280212,1.560338
827,1.740438,0.317367,1.218186
828,1.683663,0.477356,1.019329
829,1.489465,0.807541,0.993404
830,1.145532,1.254589,1.186102
831,0.802567,1.38883,1.622182
832,0.764034,0.923754,2.070598
833,1.127841,0.458558,2.063659
834,1.556118,0.293531,1.693578
835,1.729063,0.29306,1.316302
836,1.716385,0.408766,1.066868
837,1.570055,0.678679,0.980593
838,1.271047,1.112827,1.095393
839,0.895026,1.415721,1.457827
840,0.730229,1.114529,1.954526
841,0.975425,0.57502,2.125767
842,1.439716,0.323183,1.828436
843,1.698655,0.280541,1.428785
844,1.735457,0.356696,1.131814
845,1.633646,0.56991,0.989112
846,1.385731,0.960742,1.032215
847,1.01141,1.367731,1.311982
848,0.743059,1.278586,1.800602
849,0.850572,0.729436,2.132026
850,1.295432,0.374183,1.954944
851,1.644478,0.279894,1.553404
852,1.740581,0.31901,1.213378
853,1.681521,0.481529,1.017296
854,1.484667,0.814937,0.994726
855,1.138676,1.261452,1.191741
856,0.798528,1.385181,1.631256
857,0.767182,0.913463,2.07534
858,1.136374,0.453389,2.059051
859,1.56144,0.292441,1.686349
860,1.730115,0.294057,1.310684
861,1.714985,0.411992,1.063881
862,1.566189,0.685069,0.980721
863,1.264555,1.12084,1.09953
864,0.889372,1.416266,1.466227
865,0.730834,1.104712,1.961877
866,0.983031,0.567826,2.123748
867,1.44671,0.321113,1.821338
868,1.700833,0.280915,1.422445
869,1.734783,0.359096,1.127918
870,1.630659,0.575197,0.988146
871,1.379975,0.968823,1.034921
872,1.004801,1.371963,1.319164
873,0.741247,1.271042,1.809411
874,0.856278,0.720305,2.133273
875,1.303669,0.370812,1.948611
876,1.64806,0.279613,1.546494
877,1.740681,0.320689,1.208614
878,1.679338,0.485755,1.015316
879,1.479819,0.82238,0.996116
880,1.131815,1.268217,1.197461
881,0.79459,1.381312,1.640343
882,0.770465,0.903195,2.079917
883,1.144924,0.448323,2.054331
884,1.566671,0.291398,1.679128
885,1.731114,0.295086,1.305107
886,1.713546,0.415265,1.060944
887,1.562275,0.691517,0.980911
888,1.258033,1.128822,1.103745
889,0.883788,1.416591,1.47468
890,0.731573,1.094824,1.969115
891,0.990716,0.560743,2.121569
892,1.453621,0.319103,1.814219
893,1.702945,0.281323,1.41614
894,1.734069,0.361537,1.12407
895,1.627627,0.580542,0.987237
896,1.374175,0.976921,1.037701
897,0.998224,1.376024,1.32642
898,0.739559,1.263334,1.818173
899,0.862103,0.711265,2.134338
900,1.311859,0.367521,1.942218
901,1.651559,0.279369,1.53961
902,1.740736,0.322404,1.203896
903,1.677115,0.490035,1.013388
904,1.474921,0.829869,0.997572
905,1.124951,1.274881,1.203262
906,0.790757,1.377224,1.649442
907,0.773884,0.892955,2.084328
908,1.153487,0.443356,2.0495
909,1.57181,0.290399,1.671914
910,1.73206,0.29615,1.299571
911,1.712068,0.418586,1.058057
912,1.558312,0.698022,0.981162
913,1.251481,1.136769,1.10804
914,0.878278,1.416696,1.483184
915,0.732447,1.08487,1.976238
916,0.998474,0.553771,2.119233
917,1.460448,0.317151,1.807081
918,1.70499,0.281764,1.409872
919,1.733317,0.36402,1.120269
920,1.624551,0.585946,0.986385
921,1.36833,0.985035,1.040554
922,0.991682,1.379911,1.333748
923,0.737994,1.255468,1.826885
924,0.868045,0.702317,2.13522
925,1.32,0.364308,1.935767
926,1.654978,0.279161,1.532751
927,1.740748,0.324156,1.199223
928,1.674849,0.49437,1.011513
929,1.469973,0.837403,0.999096
930,1.118086,1.28144,1.209143
931,0.787027,1.372919,1.65855
932,0.777437,0.882746,2.088569
933,1.162058,0.438489,2.044563
934,1.576857,0.289444,1.664709
935,1.732955,0.297246,1.294078
936,1.710552,0.421955,1.05522
937,1.554299,0.704585,0.981474
938,1.2449,1.144679,1.112414
939,0.872842,1.41658,1.491737
940,0.733455,1.074855,1.983242
941,1.006305,0.54691,2.116741
942,1.467189,0.315257,1.799925
943,1.706971,0.282238,1.403639
944,1.732525,0.366545,1.116516
945,1.621428,0.591409,0.985589
946,1.362441,0.993162,1.043482
947,0.985178,1.383619,1.341149
948,0.736554,1.247447,1.835543
949,0.874102,0.693463,2.13592
950,1.328089,0.361171,1.929259
951,1.658316,0.27899,1.525919
952,1.740717,0.325945,1.194595
953,1.672542,0.49876,1.009691
954,1.464975,0.84498,1.000688
955,1.111222,1.287889,1.215104
956,0.783403,1.3684,1.667663
957,0.781125,0.872574,2.09264
958,1.170636,0.433721,2.039521
959,1.581813,0.288534,1.657514
960,1.733797,0.298377,1.288627
961,1.708996,0.425373,1.052434
962,1.550237,0.711205,0.981849
963,1.238292,1.152548,1.116868
964,0.867482,1.416241,1.500339
965,0.734599,1.064784,1.990124
966,1.014204,0.54016,2.114097
967,1.473844,0.31342,1.792754
968,1.708886,0.282745,1.397443
969,1.731694,0.369112,1.112811
970,1.61826,0.596931,0.98485
971,1.356508,1.001301,1.046485
972,0.978712,1.387146,1.348621
973,0.73524,1.239276,1.844144
974,0.880274,0.684706,2.136439
975,1.336123,0.358111,1.922698
976,1.661574,0.278855,1.519114
977,1.740644,0.327771,1.190014
978,1.670194,0.503205,1.007922
979,1.459927,0.8526,1.002349
980,1.104359,1.294226,1.221145
981,0.779887,1.363667,1.67678
982,0.784948,0.862442,2.096539
983,1.179216,0.42905,2.034377
984,1.586678,0.287666,1.65033
985,1.734589,0.299542,1.283218
986,1.707402,0.42884,1.049697
987,1.546126,0.717882,0.982285
988,1.231657,1.160374,1.121402
989,0.8622,1.415678,1.508986
990,0.735878,1.054664,1.99688
991,1.02217,0.533521,2.111303
992,1.480413,0.311638,1.785568
993,1.710739,0.283286,1.391284
994,1.730825,0.371721,1.109154
995,1.615046,0.602512,0.984169
996,1.350532,1.009449,1.049563
997,0.972288,1.390488,1.356163
998,0.734052,1.23096,1.852684
999,0.886559,0.676047,2.136777
1000,1.344101,0.355125,1.916086
